countryName,year,CO2EmsnPerCapita,GDPPerCapita_2011USDValue,Population,GdpPercap_100USD
Sweden,1800,0,1447,2354189,14.47
United States,1800,0.03716869,1980,6801854,19.8
India,1801,0,862,168907299,8.62
Sweden,1801,0,1435,2354278,14.35
United States,1801,0.03857667,2017,6933517,20.17
Sweden,1802,0,1502,2360724,15.02
United States,1802,0.040954604,2050,7067728,20.5
Sweden,1803,0,1487,2376420,14.87
United States,1803,0.041194036,2015,7204538,20.15
Sweden,1804,0,1390,2393815,13.9
United States,1804,0.045400902,2014,7343995,20.14
Sweden,1805,0,1479,2410798,14.79
United States,1805,0.045517644,2056,7486152,20.56
Sweden,1806,0,1495,2424756,14.95
United States,1806,0.043693007,2094,7631061,20.94
Sweden,1807,0,1433,2431799,14.33
United States,1807,0.048515608,2114,7778775,21.14
Sweden,1808,0,1357,2431251,13.57
United States,1808,0.049442653,1965,7929348,19.65
Sweden,1809,0,1295,2415344,12.95
United States,1809,0.049863686,2062,8082836,20.62
Sweden,1810,0,1399,2428185,13.99
United States,1810,0.050355591,2120,8294928,21.2
India,1811,0,821,172295303,8.21
Sweden,1811,0,1503,2439240,15.03
United States,1811,0.052828721,2163,8461458,21.63
China,1812,0,718,356451049,7.18
Sweden,1812,0,1407,2451606,14.07
United States,1812,0.055995497,2125,8637266,21.25
Sweden,1813,0,1433,2465326,14.33
United States,1813,0.058974939,2149,8822188,21.49
Sweden,1814,0,1444,2480193,14.44
United States,1814,0.062176773,2190,9016100,21.9
Sweden,1815,0,1495,2496182,14.95
United States,1815,0.065181027,2180,9218879,21.8
Sweden,1816,0,1524,2513283,15.24
United States,1816,0.070324073,2092,9430398,20.92
Sweden,1817,0,1480,2531325,14.8
United States,1817,0.074416052,2091,9650391,20.91
Sweden,1818,0,1492,2550203,14.92
United States,1818,0.078998697,2097,9879049,20.97
Sweden,1819,0,1479,2570036,14.79
United States,1819,0.0753369,2092,10116052,20.92
China,1820,0,854,380055273,8.54
Sweden,1820,0,1500,2591521,15
United States,1820,0.076380143,2080,10361646,20.8
India,1821,0,782,176746350,7.82
Sweden,1821,0,1545,2615075,15.45
United States,1821,0.077974279,2113,10619707,21.13
Sweden,1822,0,1552,2639791,15.52
United States,1822,0.079402461,2171,10890141,21.71
Sweden,1823,0,1535,2665075,15.35
United States,1823,0.080673395,2147,11172754,21.47
Sweden,1824,0,1577,2691203,15.77
United States,1824,0.08850551,2205,11467399,22.05
Sweden,1825,0,1619,2718270,16.19
United States,1825,0.096470418,2254,11773972,22.54
Sweden,1826,0,1623,2746137,16.23
United States,1826,0.108778235,2270,12092272,22.7
Sweden,1827,0,1547,2774189,15.47
United States,1827,0.116508087,2279,12422142,22.79
Sweden,1828,0,1574,2801775,15.74
United States,1828,0.124875151,2279,12763468,22.79
Sweden,1829,0,1596,2828833,15.96
United States,1829,0.136882758,2204,13116042,22.04
Sweden,1830,0,1557,2855774,15.57
United States,1830,0.154926464,2364,13480460,23.64
India,1831,0,789,182910827,7.89
Sweden,1831,0,1587,2883180,15.87
United States,1831,0.163314103,2509,13865012,25.09
Sweden,1832,0,1545,2911168,15.45
United States,1832,0.211925381,2600,14263511,26
Sweden,1833,0,1593,2939410,15.93
United States,1833,0.240428859,2691,14675576,26.91
Sweden,1834,0.011112197,1614,2967550,16.14
United States,1834,0.223946435,2562,15101254,25.62
Sweden,1835,0,1608,2995557,16.08
United States,1835,0.27773667,2660,15540591,26.6
Sweden,1836,0,1660,3023380,16.6
United States,1836,0.295758412,2699,15993540,26.99
Sweden,1837,0,1647,3050621,16.47
United States,1837,0.322323194,2614,16460100,26.14
Sweden,1838,0,1621,3077430,16.21
United States,1838,0.296962842,2591,16940409,25.91
Sweden,1839,0.014161987,1639,3104649,16.39
United States,1839,0.316503588,2717,17434191,27.17
Sweden,1840,0.012864791,1662,3132892,16.62
United States,1840,0.327346282,2583,17942443,25.83
India,1841,0,788,190021756,7.88
Sweden,1841,0.012745766,1641,3162148,16.41
United States,1841,0.336370431,2529,18474109,25.29
Sweden,1842,0.025252856,1564,3192035,15.64
United States,1842,0.363604158,2507,19025173,25.07
Sweden,1843,0.018193239,1598,3222296,15.98
United States,1843,0.396115848,2547,19600367,25.47
Sweden,1844,0.030413182,1667,3252800,16.67
United States,1844,0.460944967,2685,20190176,26.85
Sweden,1845,0.026779988,1706,3283646,17.06
United States,1845,0.538694467,2728,20799382,27.28
Sweden,1846,0.024318354,1647,3314698,16.47
United States,1846,0.593169007,2743,21427984,27.43
Sweden,1847,0.024095435,1690,3345364,16.9
United States,1847,0.68264382,2816,22075981,28.16
Sweden,1848,0.041244308,1708,3375787,17.08
United States,1848,0.738007683,2888,22743373,28.88
Sweden,1849,0.056994733,1771,3407192,17.71
United States,1849,0.777677546,2814,23430112,28.14
China,1850,0,684,402711280,6.84
Sweden,1850,0.058571299,1818,3440593,18.18
United States,1850,0.820048381,2825,24136293,28.25
India,1851,0,790,197473224,7.9
Sweden,1851,0.062184709,1782,3476353,17.82
United States,1851,0.990523405,2940,24868743,29.4
Sweden,1852,0.061540406,1744,3512749,17.44
United States,1852,1.046025456,3089,25612348,30.89
Sweden,1853,0.064005969,1767,3549169,17.67
United States,1853,1.143922449,3300,26367214,33
Sweden,1854,0.093997891,1785,3586123,17.85
United States,1854,1.222085039,3310,27133300,33.1
Sweden,1855,0.086962353,1896,3623453,18.96
United States,1855,1.367239418,3237,27910664,32.37
Sweden,1856,0.130107026,1876,3660986,18.76
United States,1856,1.395038938,3305,28699219,33.05
Sweden,1857,0.16543581,1928,3698643,19.28
United States,1857,1.391742906,3233,29499069,32.33
Sweden,1858,0.137285024,1951,3736460,19.51
United States,1858,1.37408273,3248,30310175,32.48
Sweden,1859,0.200016536,2021,3773608,20.21
United States,1859,1.455709601,3336,31132594,33.36
Sweden,1860,0.197168421,2058,3809535,20.58
United States,1860,1.483959329,3425,31967054,34.25
India,1861,0.002670322,747,205817909,7.47
Sweden,1861,0.251617389,1977,3844313,19.77
United States,1861,1.392109568,3354,32812854,33.54
Sweden,1862,0.254074509,1916,3879240,19.16
United States,1862,1.409261156,3459,33669274,34.59
Sweden,1863,0.251768108,1999,3914777,19.99
United States,1863,1.587018328,3683,34536322,36.83
Sweden,1864,0.26242486,2035,3951272,20.35
United States,1864,1.656545974,3804,35409205,38.04
Sweden,1865,0.271034459,2070,3987980,20.7
United States,1865,1.620557788,3607,36297290,36.07
Sweden,1866,0.276764527,2036,4024562,20.36
United States,1866,1.592426154,3579,37196214,35.79
Sweden,1867,0.255323906,2066,4061163,20.66
United States,1867,1.912204162,3697,38105747,36.97
Sweden,1868,0.298596073,1881,4098433,18.81
United States,1868,2.110190272,3745,39025895,37.45
Sweden,1869,0.263089526,2015,4136265,20.15
United States,1869,2.344932769,3845,39956714,38.45
China,1870,0,754,365702662,7.54
India,1870,0,710,213725048,7.1
Sweden,1870,0.321252214,2272,4174365,22.72
United States,1870,2.411301472,3736,40899168,37.36
Sweden,1871,0.340184237,2351,4211318,23.51
United States,1871,2.460836557,3825,41864092,38.25
Sweden,1872,0.402989268,2393,4245989,23.93
United States,1872,2.947556854,3883,42850881,38.83
Sweden,1873,0.405761332,2421,4280191,24.21
United States,1873,3.186579867,3980,43779477,39.8
Sweden,1874,0.434078938,2512,4313280,25.12
United States,1874,2.997368966,3862,44804825,38.62
Sweden,1875,0.52363311,2423,4345302,24.23
United States,1875,2.960408232,3971,45854330,39.71
Sweden,1876,0.555072868,2576,4376420,25.76
United States,1876,2.830289355,3928,46928064,39.28
Sweden,1877,0.583702044,2518,4406577,25.18
United States,1877,3.069742921,3966,47943934,39.66
Sweden,1878,0.491258954,2428,4437741,24.28
United States,1878,2.932575141,4044,49070729,40.44
Sweden,1879,0.495082853,2562,4470072,25.62
United States,1879,3.493756449,4446,50223581,44.46
Sweden,1880,0.62814753,2501,4503095,25.01
United States,1880,3.86526974,4866,51402380,48.66
Sweden,1881,0.606291038,2591,4538520,25.91
United States,1881,4.000986614,4914,52535214,49.14
Sweden,1882,0.688914615,2495,4568601,24.95
United States,1882,4.379613998,5101,53747586,51.01
Sweden,1883,0.699683456,2684,4597782,26.84
United States,1883,4.617916822,5102,54977652,51.02
India,1884,0.013161737,733,226881902,7.33
Sweden,1884,0.766914974,2626,4629478,26.26
United States,1884,4.762779031,5074,56183427,50.74
India,1885,0.011834804,754,227862161,7.54
Sweden,1885,0.822447396,2673,4655471,26.73
United States,1885,4.736421879,4997,57461503,49.97
India,1886,0.013224857,729,228846632,7.29
Sweden,1886,0.801458885,2699,4681383,26.99
United States,1886,4.892032546,5034,58761421,50.34
China,1887,0,727,376884992,7.27
India,1887,0.014587256,761,229828015,7.61
Sweden,1887,0.808385612,2619,4704725,26.19
United States,1887,5.116469874,5147,60076634,51.47
India,1888,0.016127757,766,230820932,7.66
Sweden,1888,0.898037506,2662,4728729,26.62
United States,1888,6.089305026,5015,61398560,50.15
India,1889,0.018887566,744,231818115,7.44
Sweden,1889,1.042830941,2701,4753783,27.01
United States,1889,5.349529766,5216,62723605,52.16
China,1890,0,769,381391698,7.69
India,1890,0.020742035,777,232819582,7.77
Sweden,1890,1.034788119,2763,4780109,27.63
United States,1890,6.272216919,5184,64051772,51.84
India,1891,0.022235468,705,233825351,7.05
Sweden,1891,1.098104791,2913,4808124,29.13
United States,1891,6.537227127,5299,65383061,52.99
India,1892,0.024324165,760,234835442,7.6
Sweden,1892,1.085298186,2875,4837852,28.75
United States,1892,6.7515911,5697,66717384,56.97
India,1893,0.025493438,778,235849871,7.78
Sweden,1893,1.084464082,2946,4868602,29.46
United States,1893,6.672475061,5316,68054833,53.16
India,1894,0.025894249,788,236868658,7.88
Sweden,1894,1.202239801,2958,4900613,29.58
United States,1894,6.125039621,5064,69395412,50.64
India,1895,0.032297907,768,237891822,7.68
Sweden,1895,1.207045382,3102,4932706,31.02
United States,1895,6.784839778,5569,70738201,55.69
India,1896,0.034796742,710,238919380,7.1
Sweden,1896,1.239545553,3183,4965949,31.83
United States,1896,6.669541516,5356,72101160,53.56
India,1897,0.037502535,838,239951353,8.38
Sweden,1897,1.370644174,3308,5001549,33.08
United States,1897,6.807557144,5761,73489831,57.61
India,1898,0.041370334,838,240987759,8.38
Sweden,1898,1.448920826,3421,5037327,34.21
United States,1898,7.281166725,5776,74894652,57.76
India,1899,0.045400979,772,242028616,7.72
Sweden,1899,1.800200076,3505,5074076,35.05
United States,1899,8.196028576,6191,76321444,61.91
China,1900,0,776,400774182,7.76
India,1900,0.053692172,797,243073944,7.97
Sweden,1900,1.794330178,3519,5111095,35.19
United States,1900,8.520499593,6252,77781471,62.52
India,1901,0.058969499,809,244123762,8.09
Sweden,1901,1.655456201,3610,5148106,36.1
United States,1901,9.101996686,6822,79271164,68.22
India,1902,0.064755107,871,245171583,8.71
Sweden,1902,1.721525882,3563,5184647,35.63
United States,1902,9.470879873,6756,80720441,67.56
India,1903,0.065652199,878,246230410,8.78
Sweden,1903,1.877941854,3750,5221069,37.5
United States,1903,10.8713219,6955,82271907,69.55
India,1904,0.073059596,877,247293784,8.77
Sweden,1904,1.964016327,3814,5257162,38.14
United States,1904,10.49506126,6739,83870024,67.39
India,1905,0.074382991,856,248361726,8.56
Sweden,1905,1.91963109,3760,5294734,37.6
United States,1905,11.51132952,7094,85524307,70.94
India,1906,0.085564832,875,249434255,8.75
Sweden,1906,2.117154307,4060,5333786,40.6
United States,1906,11.8464934,7762,87227466,77.62
India,1907,0.095073062,817,250502083,8.17
Sweden,1907,2.378484431,4331,5370102,43.31
United States,1907,13.52789963,7740,88838846,77.4
India,1908,0.108310502,824,251583803,8.24
Sweden,1908,2.522088059,4197,5410095,41.97
United States,1908,11.59813858,6970,90615785,69.7
India,1909,0.104161533,931,252670168,9.31
Sweden,1909,2.304402093,4219,5450521,42.19
United States,1909,12.59558317,7668,92361978,76.68
India,1910,0.101259105,927,253761199,9.27
Sweden,1910,2.364729109,4296,5492756,42.96
United States,1910,13.48968281,7586,94088789,75.86
China,1911,0.065025452,722,428238470,7.22
India,1911,0.106388668,919,254854210,9.19
Sweden,1911,2.285699007,4403,5535196,44.03
United States,1911,13.10669357,7711,95858318,77.11
India,1912,0.12196412,917,255954620,9.17
Sweden,1912,2.512234867,4570,5580077,45.7
United States,1912,13.75231577,7948,97526183,79.48
China,1913,0.024574634,786,437748286,7.86
India,1913,0.133892929,895,257205039,8.95
Sweden,1913,2.79977053,4856,5628627,48.56
United States,1913,14.49658916,8101,99341521,81.01
India,1914,0.134243833,943,258607037,9.43
Sweden,1914,2.615960953,4959,5675363,49.59
United States,1914,13.00782965,7334,101146653,73.34
India,1915,0.139440954,919,260162191,9.19
Sweden,1915,2.614703932,5131,5717328,51.31
United States,1915,13.2821373,7434,102789834,74.34
India,1916,0.140147368,945,261726671,9.45
Sweden,1916,2.73778233,5415,5756069,54.15
United States,1916,14.53991678,8342,104282472,83.42
India,1917,0.145683017,927,263300532,9.27
Sweden,1917,1.167730336,5086,5792214,50.86
United States,1917,15.78856723,8020,105675729,80.2
India,1918,0.163001805,808,264771644,8.08
Sweden,1918,1.37507404,4700,5819451,47
United States,1918,16.3563992,8648,106721812,86.48
India,1919,0.176967287,919,266279179,9.19
Sweden,1919,1.314497283,4772,5842343,47.72
United States,1919,13.70562819,8681,107762377,86.81
India,1920,0.142498992,845,267795298,8.45
Sweden,1920,1.771951805,5075,5870417,50.75
United States,1920,15.90766297,8485,109122856,84.85
India,1921,0.152399082,904,269320048,9.04
Sweden,1921,1.017140903,4814,5911299,48.14
United States,1921,12.83083551,8134,110824642,81.34
India,1922,0.149114835,933,270853481,9.33
Sweden,1922,1.669988362,5159,5954590,51.59
United States,1922,12.7186955,8466,112694536,84.66
India,1923,0.152628755,893,272395644,8.93
Sweden,1923,2.018998922,5324,5992340,53.24
United States,1923,16.52795373,9420,114594315,94.2
India,1924,0.162477921,928,273946588,9.28
Sweden,1924,2.396924198,5687,6024314,56.87
United States,1924,14.54644795,9525,116564054,95.25
India,1925,0.159403593,929,275506362,9.29
Sweden,1925,2.130191393,5817,6054517,58.17
United States,1925,14.70083604,9601,118421721,96.01
India,1926,0.158051521,949,277075018,9.49
Sweden,1926,2.061629758,6100,6079920,61
United States,1926,15.72459337,10090,120100754,100.9
India,1927,0.164835725,940,278652604,9.4
Sweden,1927,2.88981634,6298,6099870,62.98
United States,1927,15.1598377,10050,121692507,100.5
India,1928,0.15771825,940,280239174,9.4
Sweden,1928,2.656262349,6478,6116179,64.78
United States,1928,14.83801023,10040,123182716,100.4
China,1929,0.073404396,800,487971645,8
India,1929,0.162806839,969,282507739,9.69
Sweden,1929,3.161010678,6864,6128283,68.64
United States,1929,15.73336884,10543,124597532,105.43
China,1930,0.077339354,807,490337690,8.07
India,1930,0.163786622,966,285470836,9.66
Sweden,1930,3.083085677,7159,6140565,71.59
United States,1930,13.84451386,9490,125841184,94.9
China,1931,0.081604866,810,493353328,8.1
India,1931,0.148110455,946,289141182,9.46
Sweden,1931,3.077859468,6976,6154563,69.76
United States,1931,11.68471417,8864,126924880,88.64
China,1932,0.077662535,829,497025237,8.29
India,1932,0.135958691,944,292858718,9.44
Sweden,1932,3.034987799,6703,6173895,67.03
United States,1932,9.832682017,7525,127777981,75.25
China,1933,0.084371962,736,500363002,7.36
India,1933,0.131774722,931,296624052,9.31
Sweden,1933,3.149856702,6814,6196513,68.14
United States,1933,10.47785197,7270,128574367,72.7
China,1934,0.097888685,747,503362284,7.47
India,1934,0.145273226,927,300437797,9.27
Sweden,1934,3.494631157,7255,6219497,72.55
United States,1934,11.08516709,7876,129397242,78.76
China,1935,0.113883833,804,506019077,8.04
India,1935,0.149858882,906,304300576,9.06
Sweden,1935,3.664335844,7588,6240428,75.88
United States,1935,11.44185187,8850,130246607,88.5
China,1936,0.127857198,850,508689890,8.5
India,1936,0.145412573,928,308213019,9.28
Sweden,1936,4.001550094,7840,6260266,78.4
United States,1936,13.04969482,9718,131090878,97.18
China,1937,0.118458871,825,511375057,8.25
India,1937,0.159024311,900,312175765,9
Sweden,1937,4.609594765,8033,6279424,80.33
United States,1937,13.55939128,10450,131979638,104.5
China,1938,0.107580531,800,514074577,8
India,1938,0.175766617,890,316189461,8.9
Sweden,1938,4.14842418,8280,6300941,82.8
United States,1938,11.38334777,9797,132950244,97.97
India,1939,0.169874358,897,320254762,8.97
Sweden,1939,4.632492752,8871,6325897,88.71
United States,1939,12.44416051,10459,134027827,104.59
India,1940,0.177872779,913,324372331,9.13
Sweden,1940,2.908302667,8202,6353380,82.02
United States,1940,13.84257821,11307,135198123,113.07
India,1941,0.179519247,919,328418401,9.19
Sweden,1941,2.356495603,7960,6384219,79.6
United States,1941,14.93879178,12844,136504604,128.44
India,1942,0.177197553,904,332390595,9.04
Sweden,1942,2.027353313,8009,6424889,80.09
United States,1942,15.8887431,14175,138078697,141.75
India,1943,0.152536608,929,336286486,9.29
Sweden,1943,2.444719107,8245,6479056,82.45
United States,1943,16.21944767,15392,139781842,153.92
India,1944,0.154194087,909,340228041,9.09
Sweden,1944,1.901744245,8466,6544838,84.66
United States,1944,17.24529515,16401,141509778,164.01
India,1945,0.169066362,884,344215794,8.84
Sweden,1945,0.688566447,8692,6614252,86.92
United States,1945,16.45996595,15992,143095078,159.92
India,1946,0.164923575,828,348641193,8.28
Sweden,1946,2.598948729,9538,6688095,95.38
United States,1946,15.53300404,14471,145048176,144.71
India,1947,0.165964553,822,353099593,8.22
Sweden,1947,3.711079788,10291,6763099,102.91
United States,1947,16.83774539,14057,147333413,140.57
India,1948,0.163782401,821,357915964,8.21
Sweden,1948,4.503277446,10410,6840998,104.1
United States,1948,17.18120151,14559,149992561,145.59
India,1949,0.168742008,831,366721344,8.31
Sweden,1949,3.874238669,10733,6927503,107.33
United States,1949,13.98504946,14112,154449957,141.12
China,1950,0.141856107,637,554419275,6.37
India,1950,0.176985735,824,376325200,8.24
Sweden,1950,4.088991702,11385,7009912,113.85
United States,1950,15.96896821,15241,158804395,152.41
China,1951,0.178584365,758,569611075,7.58
India,1951,0.182401865,829,382245303,8.29
Sweden,1951,4.728392288,11740,7073227,117.4
United States,1951,16.23547524,16126,160905035,161.26
China,1952,0.220301074,835,582029301,8.35
India,1952,0.189151112,838,388538620,8.38
Sweden,1952,4.84453723,11819,7127520,118.19
United States,1952,15.58293387,16443,163324851,164.43
China,1953,0.226307245,924,592567861,9.24
India,1953,0.189486504,874,395160091,8.74
Sweden,1953,4.537320921,12070,7175667,120.7
United States,1953,15.6983771,16917,165988190,169.17
China,1954,0.267880422,836,601971218,8.36
India,1954,0.195831532,894,402077026,8.94
Sweden,1954,4.778889495,12505,7220064,125.05
United States,1954,14.7076207,16513,168827613,165.13
China,1955,0.312508165,892,610834396,8.92
India,1955,0.208764418,899,409269055,8.99
Sweden,1955,5.384538341,12781,7262623,127.81
United States,1955,15.84387542,17370,171783842,173.7
China,1956,0.349175379,949,619597547,9.49
India,1956,0.212263453,933,416728771,9.33
Sweden,1956,5.939320546,13173,7304779,131.73
United States,1956,16.32040632,17398,174805941,173.98
China,1957,0.407839508,953,628551405,9.53
India,1957,0.233792388,904,424461108,9.04
Sweden,1957,5.287943797,13672,7347479,136.72
United States,1957,15.90437604,17407,177851156,174.07
China,1958,0.823670122,935,637853609,9.35
India,1958,0.239834853,952,432481663,9.52
Sweden,1958,5.69336058,13655,7391248,136.55
United States,1958,15.15290394,16945,180884458,169.45
China,1959,1.112107969,891,647555963,8.91
India,1959,0.249127249,954,440813896,9.54
Sweden,1959,5.700229106,14002,7436262,140.02
United States,1959,15.3526069,17901,183877873,179.01
China,1960,1.184424325,843,657686143,8.43
India,1960,0.268256382,1002,449480608,10.02
Sweden,1960,6.571364912,14677,7482543,146.77
United States,1960,15.45874324,18058,186808228,180.58
China,1961,0.824374935,697,668334897,6.97
India,1961,0.284393367,1009,458494963,10.09
Sweden,1961,6.480522264,15436,7530181,154.36
United States,1961,15.17160786,18175,189654905,181.75
China,1962,0.646345768,738,679732315,7.38
India,1962,0.306617645,1009,467852537,10.09
Sweden,1962,6.764580815,15997,7579566,159.97
United States,1962,15.50954668,18977,192397741,189.77
China,1963,0.629105702,825,692280490,8.25
India,1963,0.322636937,1037,477527970,10.37
Sweden,1963,7.248033706,16754,7631457,167.54
United States,1963,15.97827358,19515,195016211,195.15
China,1964,0.616741418,920,706460953,9.2
India,1964,0.309012861,1093,487484535,10.93
Sweden,1964,7.853543712,17765,7686730,177.65
United States,1964,16.47032674,20360,197491844,203.6
China,1965,0.656940864,999,722562183,9.99
India,1965,0.333455042,1026,497702365,10.26
Sweden,1965,8.077053051,18272,7745673,182.72
United States,1965,16.95660246,21390,199815540,213.9
China,1966,0.703964874,1006,740745642,10.06
India,1966,0.337861578,1014,508161935,10.14
Sweden,1966,9.286280004,18475,7809086,184.75
United States,1966,17.62186037,22529,201975222,225.29
China,1967,0.568138797,987,760771063,9.87
India,1967,0.331656421,1074,518889779,10.74
Sweden,1967,8.75197467,18954,7875907,189.54
United States,1967,18.10600678,22842,203981928,228.42
China,1968,0.598210257,939,782008729,9.39
India,1968,0.35304934,1076,529967317,10.76
Sweden,1968,9.771201815,19532,7942322,195.32
United States,1968,18.59480416,23692,205880418,236.92
China,1969,0.71672598,1008,803577221,10.08
India,1969,0.351613285,1124,541505076,11.24
Sweden,1969,10.7933445,20366,8003185,203.66
United States,1969,19.35899707,24196,207733004,241.96
China,1970,0.933775423,1115,824788457,11.15
India,1970,0.351763935,1155,553578513,11.55
Sweden,1970,11.45723002,21483,8054916,214.83
United States,1970,20.63809822,23958,209588150,239.58
China,1971,1.033749727,1154,845481578,11.54
India,1971,0.362629013,1140,566224812,11.4
Sweden,1971,10.43862598,21538,8095793,215.38
United States,1971,20.57729961,24395,211461598,243.95
China,1972,1.073014221,1142,865686530,11.42
India,1972,0.374831946,1110,579411513,11.1
Sweden,1972,10.42242482,21966,8127034,219.66
United States,1972,21.36589998,25415,213351773,254.15
China,1973,1.090946207,1207,885145933,12.07
India,1973,0.377032172,1135,593058926,11.35
Sweden,1973,10.70830663,22796,8151598,227.96
United States,1973,22.12329289,26603,215268687,266.03
China,1974,1.090162082,1211,903613538,12.11
India,1974,0.380832909,1122,607050255,11.22
Sweden,1974,9.765530918,23457,8173968,234.57
United States,1974,21.14442611,26287,217218393,262.87
China,1975,1.240141162,1272,920945083,12.72
India,1975,0.404301655,1194,621301720,11.94
Sweden,1975,9.852033806,23962,8197340,239.62
United States,1975,20.07613451,25956,219205296,259.56
China,1976,1.271015301,1211,937018252,12.11
India,1976,0.412933983,1184,635771734,11.84
Sweden,1976,10.73070338,24128,8223249,241.28
United States,1976,20.82437414,27059,221239215,270.59
China,1977,1.370275431,1262,951927444,12.62
India,1977,0.426832753,1247,650485030,12.47
Sweden,1977,10.39194984,23658,8250695,236.58
United States,1977,21.20401492,28001,223324042,280.01
China,1978,1.506415649,1392,966039822,13.92
India,1978,0.423047623,1285,665502284,12.85
Sweden,1978,9.601659959,24002,8277414,240.02
United States,1978,21.65877788,29287,225449657,292.87
China,1979,1.517647207,1483,979880619,14.83
India,1979,0.433679184,1192,680915804,11.92
Sweden,1979,10.22518499,24870,8300003,248.7
United States,1979,21.50283611,29951,227599878,299.51
China,1980,1.467874076,1539,993877310,15.39
India,1980,0.448467703,1249,696783517,12.49
Sweden,1980,8.623295562,25234,8316338,252.34
United States,1980,20.52861117,29613,229763052,296.13
China,1981,1.431331429,1565,1008000152,15.65
India,1981,0.472720037,1300,713118032,13
Sweden,1981,8.334531163,25200,8325493,252
United States,1981,19.53259506,30056,231938963,300.56
China,1982,1.536280858,1697,1022253396,16.97
India,1982,0.476545934,1312,729868013,13.12
Sweden,1982,7.474389908,25439,8329425,254.39
United States,1982,18.37407564,29211,234132632,292.11
China,1983,1.596540768,1776,1037123834,17.76
India,1983,0.504286492,1388,746949067,13.88
Sweden,1983,6.993024197,25873,8332443,258.73
United States,1983,18.34578618,30159,236344004,301.59
China,1984,1.711259709,1949,1053210735,19.49
India,1984,0.504980377,1410,764245202,14.1
Sweden,1984,6.871201753,26876,8340440,268.76
United States,1984,18.72905106,32076,238573861,320.76
China,1985,1.822616449,2089,1070863389,20.89
India,1985,0.542758241,1436,781666671,14.36
Sweden,1985,7.461991727,27349,8357652,273.49
United States,1985,18.62080157,33024,240824120,330.24
China,1986,1.882189821,2193,1090348056,21.93
India,1986,0.569415786,1466,799181436,14.66
Sweden,1986,7.395420867,27884,8384989,278.84
United States,1986,18.46102633,33851,243098935,338.51
China,1987,1.971538508,2339,1111341725,23.39
India,1987,0.595092578,1497,816792741,14.97
Sweden,1987,7.088846874,28634,8421056,286.34
United States,1987,19.07408078,34730,245402864,347.3
China,1988,2.07240996,2429,1132866344,24.29
India,1988,0.629225148,1618,834489322,16.18
Sweden,1988,6.784109207,29113,8464787,291.13
United States,1988,19.72066984,35865,247739582,358.65
China,1989,2.069136241,2410,1153565894,24.1
India,1989,0.676316806,1690,852270034,16.9
Sweden,1989,6.521080399,29606,8514206,296.06
United States,1989,19.78312788,36757,250113187,367.57
China,1990,2.064320028,2379,1172445200,23.79
India,1990,0.70860289,1742,870133480,17.42
Sweden,1990,6.712240612,29749,8567384,297.49
United States,1990,20.27983002,36982,252529950,369.82
China,1991,2.135014421,2460,1189183522,24.6
India,1991,0.739527378,1736,888054875,17.36
Sweden,1991,6.691313244,29187,8625137,291.87
United States,1991,19.88760859,36464,254974819,364.64
China,1992,2.206896841,2631,1204003901,26.31
India,1992,0.771236945,1797,906021106,17.97
Sweden,1992,6.61319493,28668,8686738,286.68
United States,1992,20.09700214,37241,257454273,372.41
China,1993,2.329905181,2889,1217129133,28.89
India,1993,0.782304144,1865,924057817,18.65
Sweden,1993,6.561927965,27917,8746776,279.17
United States,1993,20.32414469,37762,260020186,377.62
China,1994,2.449358804,3107,1228991932,31.07
India,1994,0.811121333,1949,942204249,19.49
Sweden,1994,6.801989165,28832,8798234,288.32
United States,1994,20.46873367,38808,262741566,388.08
China,1995,2.633237861,3367,1239940004,33.67
India,1995,0.84484677,2053,960482795,20.53
Sweden,1995,6.708160803,29811,8836420,298.11
United States,1995,20.47442927,39391,265658849,393.91
China,1996,2.726717757,3590,1249981441,35.9
India,1996,0.89777613,2177,978893217,21.77
Sweden,1996,7.133159549,30243,8859191,302.43
United States,1996,20.93048754,40414,268803424,404.14
China,1997,2.711967955,3708,1259066974,37.08
India,1997,0.917429751,2229,997405318,22.29
Sweden,1997,6.554704499,31043,8868853,310.43
United States,1997,20.95966413,41723,272136551,417.23
China,1998,2.576767932,3747,1267441503,37.47
India,1998,0.918871171,2336,1015974042,23.36
Sweden,1998,6.619105074,32330,8870848,323.3
United States,1998,20.87635134,43073,275542603,430.73
China,1999,2.55458505,3926,1275406699,39.26
India,1999,0.962006136,2443,1034539214,24.43
Sweden,1999,6.295091238,33810,8873100,338.1
United States,1999,20.91444652,44576,278862277,445.76
Cambodia,2000,0.162511395,1285,12446949,12.85
Cameroon,2000,0.219051759,2337,15678269,23.37
Canada,2000,18.62750418,38108,30667365,381.08
Chile,2000,3.807549692,14159,15419820,141.59
China,2000,2.610113361,4202,1283198970,42.02
China,2000,2.610113361,4202,1269116737,42.02
Colombia,2000,1.391341798,8475,39764166,84.75
Costa Rica,2000,1.3742338,9171,3919180,91.71
Cote d'Ivoire,2000,0.387335413,2912,16581653,29.12
Croatia,2000,4.475025535,15627,4505533,156.27
Cuba,2000,2.326684014,4882,11104313,48.82
Cyprus,2000,7.536271608,24719,943294,247.19
Czech Republic,2000,12.33254824,19616,10242890,196.16
Denmark,2000,10.16767984,41548,5339501,415.48
Dominican Republic,2000,2.288279688,8272,8591967,82.72
Ecuador,2000,1.628258405,7455,12345023,74.55
El Salvador,2000,0.964766204,6409,5940305,64.09
Estonia,2000,10.9799697,14074,1370749,140.74
Ethiopia,2000,0.052057802,703,65577897,7.03
Finland,2000,10.99499571,32957,5173370,329.57
France,2000,7.056960323,33967,59047795,339.67
Gabon,2000,3.793182292,17603,1235274,176.03
Georgia,2000,0.952849018,4646,4745765,46.46
Germany,2000,11.05638595,37776,82349027,377.76
Ghana,2000,0.322119581,2084,19165490,20.84
Greece,2000,9.242613345,23136,10986883,231.36
Guatemala,2000,0.838211457,5729,11237101,57.29
Haiti,2000,0.159859636,1806,8645371,18.06
Honduras,2000,0.756275182,3638,6218151,36.38
Hungary,2000,5.728536194,16386,10210545,163.86
Iceland,2000,10.46225963,31742,281210,317.42
India,2000,0.977766362,2505,1053050912,25.05
India,2000,0.977766362,2505,1053898107,25.05
Indonesia,2000,1.257363357,5664,213395411,56.64
Iraq,2000,3.043248677,7920,23857458,79.2
Ireland,2000,11.74242216,43959,3803780,439.59
Israel,2000,9.897230426,25136,6014953,251.36
Italy,2000,8.216742406,35333,56986329,353.33
Jamaica,2000,3.882016422,7251,2581648,72.51
Japan,2000,9.901164516,32988,125720310,329.88
Jordan,2000,2.978571418,8713,4827096,87.13
Kazakhstan,2000,8.868667378,9870,14956694,98.7
Kenya,2000,0.327548857,2320,31253701,23.2
Kuwait,2000,26.03160394,74597,1940786,745.97
Latvia,2000,2.977584037,10399,2384972,103.99
Lebanon,2000,4.780375389,10693,3742329,106.93
Libya,2000,8.736961761,22225,5231189,222.25
Lithuania,2000,3.366242107,10796,3500028,107.96
Luxembourg,2000,19.88720545,47973,435491,479.73
Malaysia,2000,5.371409134,14598,23414909,145.98
Malta,2000,6.481159433,20524,397420,205.24
Mauritius,2000,2.269237941,11748,1196027,117.48
Mexico,2000,3.911727735,13821,99959594,138.21
Moldova,2000,0.850482339,2453,4106736,24.53
Mongolia,2000,3.122855417,4958,2411369,49.58
Morocco,2000,1.163859865,4818,28793236,48.18
Mozambique,2000,0.073211983,502,18200656,5.02
Myanmar,2000,0.217863046,1573,44957660,15.73
Namibia,2000,0.864270607,6067,1895839,60.67
Nepal,2000,0.127965467,1649,24400606,16.49
Netherlands,2000,10.79579126,40385,15862825,403.85
New Zealand,2000,8.385376117,27284,3858032,272.84
Nicaragua,2000,0.740245065,3474,5073704,34.74
Niger,2000,0.061015131,683,10922421,6.83
Nigeria,2000,0.619196674,2774,123688536,27.74
Norway,2000,9.382627592,75434,4490859,754.34
Oman,2000,9.585437089,46595,2264163,465.95
Pakistan,2000,0.761015552,3512,144522192,35.12
Panama,2000,1.88658554,10204,2956126,102.04
Paraguay,2000,0.689060869,5072,5343539,50.72
Peru,2000,1.16065632,6217,25861887,62.17
Philippines,2000,0.927618669,4390,77309965,43.9
Poland,2000,8.225504249,14132,38302444,141.32
Portugal,2000,6.377942954,24400,10336209,244
Qatar,2000,58.36244528,128455,590957,1284.55
Romania,2000,4.227125845,10050,22191683,100.5
Saudi Arabia,2000,14.27224367,42574,20045276,425.74
Senegal,2000,0.385399233,1862,9505862,18.62
Serbia,2000,4.150731831,7707,10133561,77.07
Singapore,2000,12.48257547,42646,3919300,426.46
Slovenia,2000,7.759668775,20514,1985406,205.14
South Africa,2000,8.260328551,9340,44760380,93.4
Spain,2000,7.625862087,29481,40288457,294.81
Sri Lanka,2000,0.539551181,5564,18745084,55.64
Sudan,2000,0.202894218,2388,27193105,23.88
Sweden,2000,6.161585079,35261,8881640,352.61
Sweden,2000,6.161585079,35261,8860153,352.61
Switzerland,2000,6.08488853,52804,7167908,528.04
Tajikistan,2000,0.359073417,1661,6172807,16.61
Tanzania,2000,0.07522218,1534,34038161,15.34
Thailand,2000,2.847357444,8977,63155029,89.77
Togo,2000,0.26786191,1282,4793504,12.82
Trinidad and Tobago,2000,18.74319674,16372,1292058,163.72
Tunisia,2000,2.028036335,7738,9456117,77.38
Turkey,2000,3.574152593,13339,63627862,133.39
Turkmenistan,2000,8.295948851,4733,4501419,47.33
Ukraine,2000,5.723534383,6201,48891792,62.01
United Arab Emirates,2000,35.43287622,121397,3033491,1213.97
United Kingdom,2000,9.619224686,31619,58874117,316.19
United States,2000,21.28004451,45887,281982778,458.87
United States,2000,21.28004451,45887,282496310,458.87
Uruguay,2000,1.585897334,12932,3319066,129.32
Uzbekistan,2000,4.88776317,3928,24775610,39.28
Vietnam,2000,0.651824493,2663,78758010,26.63
Zambia,2000,0.169501389,1990,10201562,19.9
Zimbabwe,2000,1.130575802,2249,12509477,22.49
Cambodia,2001,0.181390921,1369,12653684,13.69
Cameroon,2001,0.212162263,2379,16039737,23.79
Canada,2001,18.19952289,38376,30967236,383.76
Chile,2001,3.4041219,14473,15604200,144.73
China,2001,2.653996546,4485,1290937649,44.85
China,2001,2.653996546,4485,1277903627,44.85
Colombia,2001,1.347961589,8508,40422597,85.08
Costa Rica,2001,1.417614393,9314,4002946,93.14
Cote d'Ivoire,2001,0.434128522,2843,16892864,28.43
Croatia,2001,4.756424112,16060,4481620,160.6
Cuba,2001,2.264523597,5061,11140168,50.61
Cyprus,2001,7.271031947,25335,961482,253.35
Czech Republic,2001,12.3321835,20291,10225701,202.91
Denmark,2001,10.42928435,41740,5356055,417.4
Dominican Republic,2001,2.252903862,8279,8726256,82.79
Ecuador,2001,1.78479009,7642,12552036,76.42
El Salvador,2001,0.991276774,6481,5966027,64.81
Estonia,2001,11.28658548,15060,1362823,150.6
Ethiopia,2001,0.062246193,720,67303731,7.2
Finland,2001,12.02567574,33730,5185180,337.3
France,2001,7.108555511,34434,59390720,344.34
Gabon,2001,3.781293435,17553,1263165,175.53
Georgia,2001,0.79914833,4891,4685331,48.91
Germany,2001,11.25243498,38352,82384256,383.52
Ghana,2001,0.346652725,2128,19632265,21.28
Greece,2001,9.421067838,23967,11032395,239.67
Guatemala,2001,0.877799483,5763,11512637,57.63
Haiti,2001,0.178623083,1755,8791931,17.55
Honduras,2001,0.838013628,3641,6347272,36.41
Hungary,2001,5.902651493,17043,10184663,170.43
Iceland,2001,10.11881703,32524,283992,325.24
India,2001,0.96655354,2604,1071477855,26.04
India,2001,0.96655354,2604,1071374264,26.04
Indonesia,2001,1.38816566,5786,216203499,57.86
Iraq,2001,3.486605073,8389,24552000,83.89
Ireland,2001,12.16520589,45883,3865820,458.83
Israel,2001,10.28175964,24607,6131313,246.07
Italy,2001,8.280854694,35939,57199219,359.39
Jamaica,2001,3.950871685,7275,2604321,72.75
Japan,2001,9.771790602,33044,125893623,330.44
Jordan,2001,3.005777648,9015,4910056,90.15
Kazakhstan,2001,8.525194932,11167,14897666,111.67
Kenya,2001,0.285743521,2349,32076186,23.49
Kuwait,2001,27.25225535,72477,2009588,724.77
Latvia,2001,3.186670286,11215,2367302,112.15
Lebanon,2001,4.883012213,10944,3802903,109.44
Libya,2001,8.781034554,21856,5331311,218.56
Lithuania,2001,3.597439286,11596,3479622,115.96
Luxembourg,2001,20.82273054,48605,439509,486.05
Malaysia,2001,5.661322543,14312,23964621,143.12
Malta,2001,6.183346494,20495,399746,204.95
Mauritius,2001,2.396803128,12021,1208279,120.21
Mexico,2001,4.003484424,13655,101329543,136.55
Moldova,2001,0.904690999,2632,4040204,26.32
Mongolia,2001,3.252335753,5046,2434515,50.46
Morocco,2001,1.282505548,5104,29129204,51.04
Mozambique,2001,0.083591931,554,18691461,5.54
Myanmar,2001,0.186159514,1728,45323903,17.28
Namibia,2001,1.042203232,5974,1936399,59.74
Nepal,2001,0.133962832,1712,24980184,17.12
Netherlands,2001,11.05494908,40933,15953446,409.33
New Zealand,2001,8.849350204,27591,3906830,275.91
Nicaragua,2001,0.768913748,3515,5148635,35.15
Niger,2001,0.05535494,713,11308134,7.13
Nigeria,2001,0.680956089,2885,126704722,28.85
Norway,2001,9.630432619,76619,4513953,766.19
Oman,2001,8.76158111,47974,2279171,479.74
Pakistan,2001,0.756533226,3503,147557907,35.03
Panama,2001,2.246154775,10079,3012635,100.79
Paraguay,2001,0.699656516,5079,5453921,50.79
Peru,2001,1.025410283,6172,26228274,61.72
Philippines,2001,0.88249903,4417,78964389,44.17
Poland,2001,8.138968648,14312,38266810,143.12
Portugal,2001,6.318127179,24699,10379756,246.99
Qatar,2001,66.81061716,129055,608057,1290.55
Romania,2001,4.497655398,10794,22100007,107.94
Saudi Arabia,2001,13.92135611,40882,20681576,408.82
Senegal,2001,0.412474661,1898,9758841,18.98
Serbia,2001,4.491201555,8142,10076784,81.42
Singapore,2001,12.30276569,41165,3980956,411.65
Slovenia,2001,8.229589986,21086,1988385,210.86
South Africa,2001,8.001304904,9475,45389577,94.75
Spain,2001,7.583378736,30501,40767010,305.01
Sri Lanka,2001,0.546039052,5378,18921794,53.78
Sudan,2001,0.227746175,2494,27840967,24.94
Sweden,2001,6.257988999,35640,8897793,356.4
Sweden,2001,6.257988999,35640,8877022,356.4
Switzerland,2001,6.2581936,53230,7207987,532.3
Tajikistan,2001,0.361220829,1785,6232587,17.85
Tanzania,2001,0.086556501,1579,34917073,15.79
Thailand,2001,3.027497985,9214,63898879,92.14
Togo,2001,0.226714621,1231,4926142,12.31
Trinidad and Tobago,2001,20.65466489,17091,1296962,170.91
Tunisia,2001,2.099519845,8027,9546453,80.27
Turkey,2001,3.264127333,12145,64544914,121.45
Turkmenistan,2001,8.32583155,5623,4551737,56.23
Ukraine,2001,6.224850712,6840,48448267,68.4
United Arab Emirates,2001,30.24713656,117197,3149440,1171.97
United Kingdom,2001,9.736836803,32356,59097129,323.56
United States,2001,20.7211004,45878,284852391,458.78
United States,2001,20.7211004,45878,285544778,458.78
Uruguay,2001,1.511998823,12361,3324810,123.61
Uzbekistan,2001,4.884790921,4040,25042537,40.4
Vietnam,2001,0.733660885,2810,79629676,28.1
Zambia,2001,0.174137707,2035,10449825,20.35
Zimbabwe,2001,1.011566268,2228,12575015,22.28
Cambodia,2002,0.174576598,1437,12845222,14.37
Cameroon,2002,0.206656693,2407,16408085,24.07
Canada,2002,18.22697618,39106,31281727,391.06
Chile,2002,3.4876862,14626,15783991,146.26
China,2002,2.912600984,4850,1298646577,48.5
China,2002,2.912600984,4850,1285933789,48.5
Colombia,2002,1.319459701,8612,41078136,86.12
Costa Rica,2002,1.532395676,9466,4083197,94.66
Cote d'Ivoire,2002,0.400652359,2736,17180649,27.36
Croatia,2002,5.017033392,16812,4466013,168.12
Cuba,2002,2.314637277,5133,11175434,51.33
Cyprus,2002,7.339846115,25897,979874,258.97
Czech Republic,2002,12.05547573,20665,10209500,206.65
Denmark,2002,10.33942783,41801,5370507,418.01
Dominican Republic,2002,2.386047906,8614,8860760,86.14
Ecuador,2002,1.893591217,7833,12767415,78.33
El Salvador,2002,0.998407714,6613,5988233,66.13
Estonia,2002,11.01682881,16077,1356644,160.77
Ethiopia,2002,0.062846306,735,69040669,7.35
Finland,2002,12.47979375,34214,5197305,342.14
France,2002,6.989106965,34618,59774531,346.18
Gabon,2002,3.510470609,16823,1290532,168.23
Georgia,2002,0.724642315,5184,4626034,51.84
Germany,2002,11.03951081,38288,82432026,382.88
Ghana,2002,0.362943658,2178,20114361,21.78
Greece,2002,9.361975525,24816,11073334,248.16
Guatemala,2002,0.895290497,5870,11800351,58.7
Haiti,2002,0.203989172,1720,8935252,17.2
Honduras,2002,0.872806909,3684,6477525,36.84
Hungary,2002,5.818606331,17861,10159273,178.61
Iceland,2002,10.47177655,32336,286783,323.36
India,2002,0.961267035,2657,1089807112,26.57
India,2002,0.961267035,2657,1088694080,26.57
Indonesia,2002,1.4141001,5962,219026365,59.62
Iraq,2002,3.461239117,8730,25233067,87.3
Ireland,2002,11.57727658,47632,3935781,476.32
Israel,2002,9.504251486,24102,6241593,241.02
Italy,2002,8.264615363,35975,57498867,359.75
Jamaica,2002,3.78508373,7256,2625968,72.56
Japan,2002,9.986007917,33013,126048366,330.13
Jordan,2002,3.105571876,9365,4998372,93.65
Kazakhstan,2002,9.717042919,12211,14901669,122.11
Kenya,2002,0.235430686,2296,32927864,22.96
Kuwait,2002,27.04494728,72755,2069816,727.55
Latvia,2002,3.23385215,12152,2350340,121.52
Lebanon,2002,4.611165666,11140,3868504,111.4
Libya,2002,8.588344571,21133,5434293,211.33
Lithuania,2002,3.658424317,12480,3462402,124.8
Luxembourg,2002,22.40627766,49936,442882,499.36
Malaysia,2002,5.463758232,14745,24515323,147.45
Malta,2002,6.089958784,20949,402244,209.49
Mauritius,2002,2.399350314,12106,1220935,121.06
Mexico,2002,3.966941343,13628,102634153,136.28
Moldova,2002,0.970100124,2869,3968812,28.69
Mongolia,2002,3.381208262,5223,2458853,52.23
Morocco,2002,1.290101717,5198,29453931,51.98
Mozambique,2002,0.080388602,590,19200021,5.9
Myanmar,2002,0.194182352,1911,45609292,19.11
Namibia,2002,0.896324282,6149,1973408,61.49
Nepal,2002,0.105635788,1687,25562573,16.87
Netherlands,2002,10.94792129,40715,16045935,407.15
New Zealand,2002,8.77287682,28460,3961978,284.6
Nicaragua,2002,0.771661717,3483,5219724,34.83
Niger,2002,0.056924401,725,11706182,7.25
Nigeria,2002,0.725875934,3221,129832447,32.21
Norway,2002,9.385584979,77302,4535599,773.02
Oman,2002,10.81033155,46413,2302874,464.13
Pakistan,2002,0.780507511,3566,150407242,35.66
Panama,2002,1.844006328,10128,3069123,101.28
Paraguay,2002,0.702247977,5735,5564709,57.35
Peru,2002,1.012371664,6426,26579252,64.26
Philippines,2002,0.862364664,4481,80630416,44.81
Poland,2002,7.944257192,14611,38230497,146.11
Portugal,2002,6.660181888,24753,10423256,247.53
Qatar,2002,63.03936872,133818,624173,1338.18
Romania,2002,4.536872485,11539,22010781,115.39
Saudi Arabia,2002,14.86700437,38572,21463072,385.72
Senegal,2002,0.417996955,1861,10023194,18.61
Serbia,2002,4.829941368,8712,10013058,87.12
Singapore,2002,11.41862153,41779,4032217,417.79
Slovenia,2002,8.302822965,21868,1991319,218.68
South Africa,2002,7.558643099,9690,46015405,96.9
Spain,2002,7.955293052,30902,41364726,309.02
Sri Lanka,2002,0.574348647,5498,19134096,54.98
Sudan,2002,0.282852826,2602,28488328,26.02
Sweden,2002,6.349428961,36467,8920694,364.67
Sweden,2002,6.349428961,36467,8901831,364.67
Switzerland,2002,5.999315711,52904,7254975,529.04
Tajikistan,2002,0.290481521,1924,6285809,19.24
Tanzania,2002,0.096576235,1638,35832494,16.38
Thailand,2002,3.211579071,9705,64642931,97.05
Togo,2002,0.25182863,1182,5050919,11.82
Trinidad and Tobago,2002,22.33406691,18495,1301576,184.95
Tunisia,2002,2.084139185,8079,9634180,80.79
Turkey,2002,3.341153036,12901,65446165,129.01
Turkmenistan,2002,8.652840222,6425,4600093,64.25
Ukraine,2002,6.13177324,7273,48032368,72.73
United Arab Emirates,2002,23.87797207,113817,3254691,1138.17
United Kingdom,2002,9.436408323,32992,59339971,329.92
United States,2002,20.67307732,46267,287506847,462.67
United States,2002,20.67307732,46267,288467308,462.67
Uruguay,2002,1.369604838,11315,3325379,113.15
Uzbekistan,2002,5.015052127,4149,25275028,41.49
Vietnam,2002,0.837776853,2970,80500625,29.7
Zambia,2002,0.176257955,2071,10693471,20.71
Zimbabwe,2002,0.951720516,2054,12607791,20.54
Cambodia,2003,0.185008407,1537,13024171,15.37
Cameroon,2003,0.223963341,2436,16783366,24.36
Canada,2003,18.57847144,39441,31608562,394.41
Chile,2003,3.473783957,15006,15959793,150.06
China,2003,3.408222183,5183,1306343911,51.83
China,2003,3.408222183,5183,1293396654,51.83
Colombia,2003,1.345797191,8838,41731914,88.38
Costa Rica,2003,1.582304071,9717,4160438,97.17
Cote d'Ivoire,2003,0.290353579,2642,17455501,26.42
Croatia,2003,5.328451186,17752,4456587,177.52
Cuba,2003,2.254812758,5201,11208029,52.01
Cyprus,2003,7.60921543,26218,998134,262.18
Czech Republic,2003,12.40794385,21415,10199327,214.15
Denmark,2003,11.25591582,41850,5384487,418.5
Dominican Republic,2003,2.370706373,8457,8995398,84.57
Ecuador,2003,2.012690411,7894,12987992,78.94
El Salvador,2003,1.077492099,6744,6008523,67.44
Estonia,2003,12.44601683,17378,1351955,173.78
Ethiopia,2003,0.067146083,714,70784012,7.14
Finland,2003,13.90031338,34813,5210595,348.13
France,2003,7.068572655,34707,60183884,347.07
Gabon,2003,3.4734044,16826,1317484,168.26
Georgia,2003,0.815776389,5792,4569880,57.92
Germany,2003,11.04184804,37995,82484111,379.95
Ghana,2003,0.36373868,2244,20610897,22.44
Greece,2003,9.701830571,26191,11111072,261.91
Guatemala,2003,0.852507859,5906,12098576,59.06
Haiti,2003,0.190462382,1695,9075399,16.95
Honduras,2003,0.946945841,3757,6609337,37.57
Hungary,2003,6.106985968,18598,10134513,185.98
Iceland,2003,10.34787652,32897,289724,328.97
India,2003,0.985420187,2834,1108027848,28.34
India,2003,0.985420187,2834,1105885689,28.34
Indonesia,2003,1.436685758,6161,221839235,61.61
Iraq,2003,3.542530295,6644,25914982,66.44
Ireland,2003,11.27017994,48584,4010506,485.84
Israel,2003,9.829827708,23910,6352106,239.1
Italy,2003,8.452377787,35870,57864332,358.7
Jamaica,2003,3.932508882,7455,2646269,74.55
Japan,2003,10.03675766,33456,126184149,334.56
Jordan,2003,3.146701744,9555,5096790,95.55
Kazakhstan,2003,10.78751932,13279,14959072,132.79
Kenya,2003,0.192950702,2297,33805301,22.97
Kuwait,2003,27.48717865,83176,2126786,831.76
Latvia,2003,3.357079359,13305,2334225,133.05
Lebanon,2003,5.005443538,11327,3935421,113.27
Libya,2003,8.686146985,23398,5541062,233.98
Lithuania,2003,3.687926667,13907,3447170,139.07
Luxembourg,2003,23.27547829,50137,446340,501.37
Malaysia,2003,6.334617651,15223,25060184,152.23
Malta,2003,6.60288938,21341,404787,213.41
Mauritius,2003,2.530566736,12693,1233594,126.93
Mexico,2003,4.163045855,13674,103902569,136.74
Moldova,2003,1.055762546,3096,3896409,30.96
Mongolia,2003,3.242992509,5527,2485177,55.27
Morocco,2003,1.256382835,5440,29770316,54.4
Mozambique,2003,0.094168347,615,19721009,6.15
Myanmar,2003,0.205358387,2148,45843675,21.48
Namibia,2003,0.942497363,6153,2008342,61.53
Nepal,2003,0.112623495,1727,26143530,17.27
Netherlands,2003,11.09960759,40638,16137709,406.38
New Zealand,2003,9.073213729,29236,4020769,292.36
Nicaragua,2003,0.827201857,3514,5288271,35.14
Niger,2003,0.05952189,750,12118322,7.5
Nigeria,2003,0.767626661,3435,133067097,34.35
Norway,2003,9.610670343,77557,4558660,775.57
Oman,2003,13.4272793,44004,2335967,440.04
Pakistan,2003,0.795450319,3717,153139895,37.17
Panama,2003,1.893217644,10380,3125565,103.8
Paraguay,2003,0.719311194,5876,5675754,58.76
Peru,2003,0.969071756,6611,26916342,66.11
Philippines,2003,0.845634499,4608,82293990,46.08
Poland,2003,8.283696259,15142,38198151,151.42
Portugal,2003,6.144416313,24430,10465808,244.3
Qatar,2003,59.97705001,131779,653500,1317.79
Romania,2003,4.766766951,12075,21925307,120.75
Saudi Arabia,2003,14.47557023,41641,22334371,416.41
Senegal,2003,0.450276701,1934,10297956,19.34
Serbia,2003,5.191781709,9098,9949713,90.98
Singapore,2003,7.317113352,42545,4086050,425.45
Slovenia,2003,8.180201557,22476,1994426,224.76
South Africa,2003,8.462666127,9834,46631364,98.34
Spain,2003,7.923850978,31315,42039800,313.15
Sri Lanka,2003,0.569968939,5756,19369853,57.56
Sudan,2003,0.307947861,2748,29146386,27.48
Sweden,2003,6.392766826,37252,8951422,372.52
Sweden,2003,6.392766826,37252,8935392,372.52
Switzerland,2003,6.122429552,52539,7307078,525.39
Tajikistan,2003,0.313551788,2080,6336724,20.8
Tanzania,2003,0.099227973,1690,36788281,16.9
Thailand,2003,3.437636236,10330,65370277,103.3
Togo,2003,0.334742491,1206,5170252,12.06
Trinidad and Tobago,2003,24.84224518,21224,1306065,212.24
Tunisia,2003,2.10524395,8433,9722180,84.33
Turkey,2003,3.525159841,13449,66339433,134.49
Turkmenistan,2003,9.562415996,7435,4647912,74.35
Ukraine,2003,6.414036561,8028,47643278,80.28
United Arab Emirates,2003,28.24131969,115919,3400959,1159.19
United Kingdom,2003,9.593803944,33977,59604347,339.77
United States,2003,20.65775489,47158,290027624,471.58
United States,2003,20.65775489,47158,291290823,471.58
Uruguay,2003,1.361492887,11363,3323124,113.63
Uzbekistan,2003,4.894880769,4274,25489492,42.74
Vietnam,2003,0.921801788,3148,81377056,31.48
Zambia,2003,0.181718041,2162,10938261,21.62
Zimbabwe,2003,0.839672836,1722,12612956,17.22
Cambodia,2004,0.187079344,1671,13193961,16.71
Cameroon,2004,0.227020689,2458,17165267,24.58
Canada,2004,18.33625945,40280,31943605,402.8
Chile,2004,3.696527383,15744,16132209,157.44
China,2004,3.900962896,5627,1314007478,56.27
China,2004,3.900962896,5627,1300552134,56.27
Colombia,2004,1.276828098,9196,42385712,91.96
Comoros,2004,0.239265406,1377,625876,13.77
Costa Rica,2004,1.623583168,9984,4235605,99.84
Cote d'Ivoire,2004,0.40756944,2612,17731840,26.12
Croatia,2004,5.256655176,18474,4449522,184.74
Cuba,2004,2.206983309,5170,11234970,51.7
Cyprus,2004,7.70751581,27052,1015806,270.52
Czech Republic,2004,12.47706199,22468,10201665,224.68
Denmark,2004,10.20036486,42856,5400280,428.56
Djibouti,2004,0.527671676,2041,793738,20.41
Dominica,2004,1.613890507,7603,69087,76.03
Dominican Republic,2004,1.985026297,8439,9129965,84.39
Ecuador,2004,2.130762172,8354,13208869,83.54
El Salvador,2004,1.04214256,6851,6028792,68.51
Equatorial Guinea,2004,7.19336329,34699,589794,346.99
Estonia,2004,12.67749658,18582,1348449,185.82
Ethiopia,2004,0.069127783,727,72526620,7.27
Finland,2004,13.15512435,36075,5226067,360.75
France,2004,7.044697812,35465,60596691,354.65
Gabon,2004,3.413521839,16565,1344171,165.65
Georgia,2004,0.943288652,6138,4519607,61.38
Germany,2004,10.86690752,38448,82524343,384.48
Ghana,2004,0.340795456,2318,21119911,23.18
Greece,2004,9.718313675,27448,11147261,274.48
Guatemala,2004,0.892803463,5983,12404764,59.83
Guinea-Bissau,2004,0.149235936,1224,1340814,12.24
Haiti,2004,0.214972492,1605,9212634,16.05
Honduras,2004,1.005441638,3896,6743128,38.96
Hungary,2004,5.971898903,19573,10110393,195.73
Iceland,2004,10.65337302,35251,293004,352.51
India,2004,1.01723545,3025,1126135777,30.25
India,2004,1.01723545,3025,1122991192,30.25
Indonesia,2004,1.520815034,6383,224606531,63.83
Iraq,2004,4.317995648,9923,26618523,99.23
Ireland,2004,11.17281314,50912,4085676,509.12
Israel,2004,9.071060132,24639,6471236,246.39
Italy,2004,8.471327353,36202,58263782,362.02
Jamaica,2004,3.875077839,7487,2664897,74.87
Japan,2004,9.983619545,34167,126299414,341.67
Jordan,2004,3.372625151,10114,5210369,101.14
Kazakhstan,2004,11.11796525,14458,15053492,144.58
Kenya,2004,0.212060118,2335,34702176,23.35
Kuwait,2004,28.58228053,89137,2189485,891.37
Latvia,2004,3.40125033,14572,2319229,145.72
Lebanon,2004,4.454180237,11991,3998042,119.91
Lesotho,2004,1.025079018,1705,2047006,17.05
Libya,2004,8.756870166,23943,5652797,239.43
Lithuania,2004,3.894370057,14986,3432060,149.86
Luxembourg,2004,26.08396628,51215,450888,512.15
Malaysia,2004,6.438679322,15876,25590453,158.76
Malta,2004,6.314153904,21292,407183,212.92
Mauritius,2004,2.540766996,13124,1245669,131.24
Mexico,2004,4.119792827,14084,105175967,140.84
Moldova,2004,1.10730949,3362,3827906,33.62
Mongolia,2004,3.432636237,6049,2514462,60.49
Morocco,2004,1.436818666,5632,30082152,56.32
Mozambique,2004,0.091792132,648,20246287,6.48
Myanmar,2004,0.257338784,2409,46070248,24.09
Namibia,2004,0.975618496,6781,2043339,67.81
Nepal,2004,0.104232317,1783,26717875,17.83
Netherlands,2004,11.14086623,41319,16225091,413.19
New Zealand,2004,8.838491846,30132,4079130,301.32
Nicaragua,2004,0.824577661,3646,5356012,36.46
Niger,2004,0.061570623,718,12546945,7.18
Nigeria,2004,0.768039589,3695,136399438,36.95
Norway,2004,9.642224257,80152,4587046,801.52
Oman,2004,11.28589711,43421,2378336,434.21
Pakistan,2004,0.861912827,3924,155860066,39.24
Panama,2004,1.746954988,10979,3181969,109.79
Paraguay,2004,0.710632881,6010,5786836,60.1
Peru,2004,1.157016836,6857,27242033,68.57
Philippines,2004,0.859377038,4815,83936698,48.15
Poland,2004,8.40031238,15929,38175134,159.29
Portugal,2004,6.384765822,24813,10506253,248.13
Qatar,2004,56.28259678,143386,715146,1433.86
Romania,2004,4.764654194,13149,21845264,131.49
Sao Tome and Principe,2004,0.482203607,2484,150311,24.84
Saudi Arabia,2004,16.98681227,43651,23213767,436.51
Senegal,2004,0.455324233,1993,10581316,19.93
Serbia,2004,5.696248915,9920,9895409,99.2
Seychelles,2004,8.41827077,16278,82631,162.78
Singapore,2004,6.51045757,45492,4160158,454.92
Slovenia,2004,8.351116308,23439,1997959,234.39
South Africa,2004,9.29664841,10137,47226670,101.37
Spain,2004,8.172365031,31823,42732092,318.23
Sri Lanka,2004,0.626978705,6003,19610604,60.03
Sudan,2004,0.379432009,2799,29830604,27.99
Sweden,2004,6.278012115,38760,8990639,387.6
Sweden,2004,6.278012115,38760,8977965,387.6
Switzerland,2004,6.155813764,53663,7361231,536.63
Tajikistan,2004,0.379463069,2248,6391120,22.48
Tanzania,2004,0.110631585,1760,37786946,17.6
Thailand,2004,3.695899369,10912,66060383,109.12
Togo,2004,0.315095875,1202,5288273,12.02
Trinidad and Tobago,2004,25.83422034,22969,1310622,229.69
Tunisia,2004,2.188805552,8844,9814009,88.44
Turkey,2004,3.610162133,14432,67235927,144.32
Turkmenistan,2004,9.875218971,8431,4696771,84.31
Ukraine,2004,6.486268412,9042,47275250,90.42
United Arab Emirates,2004,27.36530064,115823,3658042,1158.23
United Kingdom,2004,9.571881291,34638,59891788,346.38
United States,2004,20.87452945,48493,292539324,484.93
United States,2004,20.87452945,48493,294063120,484.93
Uruguay,2004,1.673777039,11886,3321367,118.86
Uzbekistan,2004,4.805714195,4542,25708188,45.42
Vietnam,2004,1.051150411,3350,82262996,33.5
Zambia,2004,0.179367852,2258,11192422,22.58
Zimbabwe,2004,0.737901785,1622,12597877,16.22
Cambodia,2005,0.209013262,1866,13357574,18.66
Cameroon,2005,0.206148407,2446,17553589,24.46
Canada,2005,17.86428351,41177,32283413,411.77
Chile,2005,3.77450308,16480,16301726,164.8
China,2005,4.366726593,6212,1321623490,62.12
China,2005,4.366726593,6212,1307593489,62.12
Colombia,2005,1.39193422,9511,43040558,95.11
Comoros,2005,0.227642011,1378,642974,13.78
Costa Rica,2005,1.574249142,10218,4309413,102.18
Cote d'Ivoire,2005,0.408836176,2598,18020946,25.98
Croatia,2005,5.365287373,19241,4441986,192.41
Cuba,2005,2.290594393,5248,11254242,52.48
Cyprus,2005,7.757609672,27658,1032562,276.58
Czech Republic,2005,12.21411396,23882,10220638,238.82
Denmark,2005,9.504778029,43736,5419444,437.36
Djibouti,2005,0.528605025,2078,808367,20.78
Dominica,2005,1.660101661,7558,68925,75.58
Dominican Republic,2005,1.989723485,9085,9264267,90.85
Ecuador,2005,2.181986481,8607,13426402,86.07
El Salvador,2005,1.053128269,7070,6050513,70.7
Equatorial Guinea,2005,6.217000279,36733,607739,367.33
Estonia,2005,12.64068656,20441,1345857,204.41
Ethiopia,2005,0.064581197,788,74263861,7.88
Finland,2005,10.84727275,36951,5244342,369.51
France,2005,7.065355486,35817,60996506,358.17
Gabon,2005,3.462163035,16371,1370729,163.71
Georgia,2005,1.118231718,6660,4477006,66.6
Germany,2005,10.61846948,38741,82540739,387.41
Ghana,2005,0.315821092,2401,21639806,24.01
Greece,2005,10.08079423,27532,11183114,275.32
Guatemala,2005,0.943021484,6055,12717154,60.55
Guinea-Bissau,2005,0.153900747,1252,1367695,12.52
Haiti,2005,0.221016826,1605,9347262,16.05
Honduras,2005,1.00720157,4038,6879243,40.38
Hungary,2005,5.998133589,20471,10086936,204.71
Iceland,2005,10.06480234,37023,296743,370.23
India,2005,1.057709916,3226,1144118674,32.26
India,2005,1.057709916,3226,1140042863,32.26
Indonesia,2005,1.515485857,6663,227303175,66.63
Iraq,2005,4.183153146,9829,27359461,98.29
Ireland,2005,11.41818876,52687,4158042,526.87
Israel,2005,8.560391171,25186,6604572,251.86
Italy,2005,8.421132286,36367,58671206,363.67
Jamaica,2005,3.771154844,7489,2681653,74.89
Japan,2005,10.02726165,34730,126392944,347.3
Jordan,2005,3.576426599,10607,5342002,106.07
Kazakhstan,2005,11.8598262,15728,15171805,157.28
Kenya,2005,0.231317474,2396,35614576,23.96
Kuwait,2005,31.25965017,93903,2264014,939.03
Latvia,2005,3.479224732,16306,2305528,163.06
Lebanon,2005,4.177100035,12137,4052420,121.37
Lesotho,2005,1.031798734,1753,2065752,17.53
Libya,2005,8.924403482,25893,5769709,258.93
Lithuania,2005,4.212997119,16409,3415748,164.09
Luxembourg,2005,26.31562052,52037,457197,520.37
Malaysia,2005,6.722160987,16350,26100241,163.5
Malta,2005,6.553846264,21958,409295,219.58
Mauritius,2005,2.695522024,13242,1256742,132.42
Mexico,2005,4.295234245,14354,106483757,143.54
Moldova,2005,1.187616925,3657,3766876,36.57
Mongolia,2005,3.393593214,6417,2547339,64.17
Montenegro,2005,3.583650704,11627,626739,116.27
Morocco,2005,1.491595937,5750,30392473,57.5
Mozambique,2005,0.084630835,690,20770013,6.9
Myanmar,2005,0.237871696,2703,46321162,27.03
Namibia,2005,1.135874689,6867,2079951,68.67
Nepal,2005,0.119015802,1820,27281945,18.2
Netherlands,2005,10.84677508,42113,16305457,421.13
New Zealand,2005,9.103831141,30553,4134117,305.53
Nicaragua,2005,0.793729802,3749,5424336,37.49
Niger,2005,0.05202336,751,12993884,7.51
Nigeria,2005,0.760804891,3852,139823340,38.52
Norway,2005,9.403558973,81698,4623298,816.98
Oman,2005,11.73374743,43462,2429510,434.62
Pakistan,2005,0.875554078,4118,158645463,41.18
Panama,2005,2.024067861,11579,3238321,115.79
Paraguay,2005,0.653733021,6038,5897816,60.38
Peru,2005,1.33040571,7205,27558769,72.05
Philippines,2005,0.849283591,4944,85546427,49.44
Poland,2005,8.384945042,16493,38165040,164.93
Portugal,2005,6.577625792,24957,10543663,249.57
Qatar,2005,58.61053033,134824,820986,1348.24
Romania,2005,4.711237568,13685,21771749,136.85
Sao Tome and Principe,2005,0.494403393,2601,152622,26.01
Saudi Arabia,2005,16.55904329,44800,24041116,448
Senegal,2005,0.492351483,2049,10871908,20.49
Serbia,2005,5.412838252,10488,9856152,104.88
Seychelles,2005,7.76201208,17550,83513,175.5
Singapore,2005,6.75439152,47758,4265999,477.58
Slovenia,2005,8.48017216,24335,2002084,243.35
South Africa,2005,8.501554037,10524,47792787,105.24
Spain,2005,8.377431498,32406,43395441,324.06
Sri Lanka,2005,0.611291382,6321,19842536,63.21
Sudan,2005,0.3549984,2950,30551777,29.5
Sweden,2005,5.957025818,39917,9038623,399.17
Sweden,2005,5.957025818,39917,9029345,399.17
Switzerland,2005,6.177858973,54940,7415007,549.4
Tajikistan,2005,0.353239924,2369,6453240,23.69
Tanzania,2005,0.136006883,1820,38831024,18.2
Thailand,2005,3.734080014,11303,66698483,113.03
Togo,2005,0.30292272,1188,5408044,11.88
Trinidad and Tobago,2005,29.34632479,24447,1315386,244.47
Tunisia,2005,2.204278579,9106,9912114,91.06
Turkey,2005,3.842192465,15416,68143186,154.16
Turkmenistan,2005,10.14409949,9417,4747839,94.17
Ukraine,2005,6.686270791,9387,46923927,93.87
United Arab Emirates,2005,25.01427792,107735,4069349,1077.35
United Kingdom,2005,9.454830655,35424,60202727,354.24
United States,2005,20.77733904,49655,295129501,496.55
United States,2005,20.77733904,49655,296820296,496.55
Uruguay,2005,1.721729685,12694,3322529,126.94
Uzbekistan,2005,4.409102622,4810,25947414,48.1
Vietnam,2005,1.125137682,3558,83161145,35.58
Zambia,2005,0.186030401,2361,11462365,23.61
Zimbabwe,2005,0.826863655,1510,12570686,15.1
Cambodia,2006,0.222431589,2036,13515884,20.36
Cameroon,2006,0.209638978,2458,17948395,24.58
Canada,2006,17.47523975,41834,32627978,418.34
Chile,2006,3.919877086,17346,16468677,173.46
China,2006,4.798152559,6890,1329209094,68.9
China,2006,4.798152559,6890,1314581402,68.9
Colombia,2006,1.418873692,10028,43696540,100.28
Comoros,2006,0.257358822,1490,660559,14.9
Costa Rica,2006,1.61652672,10801,4381820,108.01
Cote d'Ivoire,2006,0.364255711,2582,18325979,25.82
Croatia,2006,5.428339723,20168,4433791,201.68
Cuba,2006,2.410375965,5923,11265124,59.23
Cyprus,2006,7.8056189,28427,1048272,284.27
Czech Republic,2006,12.27197092,25456,10258796,254.56
Denmark,2006,10.91762881,45299,5442644,452.99
Djibouti,2006,0.51540301,2297,823682,22.97
Dominica,2006,1.604135184,7890,68700,78.9
Dominican Republic,2006,2.072319027,9912,9398285,99.12
Ecuador,2006,2.042215247,8822,13639708,88.22
El Salvador,2006,1.109648702,7329,6074487,73.29
Equatorial Guinea,2006,5.998619065,37611,625777,376.11
Estonia,2006,12.18352161,22674,1344038,226.74
Ethiopia,2006,0.067430494,844,75993403,8.44
Finland,2006,12.95668616,38302,5265936,383.02
France,2006,6.853084769,36439,61378065,364.39
Gabon,2006,2.867034732,15518,1397192,155.18
Georgia,2006,1.373343475,7227,4442825,72.27
Germany,2006,10.77683747,40220,82536138,402.2
Ghana,2006,0.414229342,2495,22170556,24.95
Greece,2006,9.91861638,29001,11219300,290.01
Guatemala,2006,0.926858572,6241,13034904,62.41
Guinea-Bissau,2006,0.153026647,1255,1395492,12.55
Haiti,2006,0.221494659,1614,9479136,16.14
Honduras,2006,0.908147741,4208,7017769,42.08
Hungary,2006,5.95068061,21293,10064274,212.93
Iceland,2006,10.49965846,37973,301010,379.73
India,2006,1.107722799,3477,1161977719,34.77
India,2006,1.107722799,3477,1157038539,34.77
Indonesia,2006,1.508451236,6940,229918547,69.4
Iraq,2006,3.544709456,10122,28140999,101.22
Ireland,2006,11.04952503,54287,4226428,542.87
Israel,2006,9.200168953,26139,6755143,261.39
Italy,2006,8.289625175,36985,59082100,369.85
Jamaica,2006,4.138501391,7642,2696334,76.42
Japan,2006,9.831114361,35225,126464789,352.25
Jordan,2006,3.459157296,11057,5495117,110.57
Kazakhstan,2006,12.93555033,17239,15312333,172.39
Kenya,2006,0.251984727,2461,36540948,24.61
Kuwait,2006,30.87131952,95645,2351441,956.45
Latvia,2006,3.744930886,18413,2293080,184.13
Lebanon,2006,3.645737242,12097,4097457,120.97
Lesotho,2006,1.036385706,1832,2085561,18.32
Libya,2006,8.95467145,27106,5893738,271.06
Lithuania,2006,4.359682741,17908,3397895,179.08
Luxembourg,2006,25.51638912,53866,465586,538.66
Malaysia,2006,6.333510661,16960,26586287,169.6
Malta,2006,6.558211659,22278,411084,222.78
Mauritius,2006,2.953640508,13769,1266684,137.69
Mexico,2006,4.349107951,14894,107835259,148.94
Moldova,2006,1.213528336,3878,3714961,38.78
Mongolia,2006,3.676977278,6886,2584143,68.86
Montenegro,2006,3.854769581,12758,627074,127.58
Morocco,2006,1.535205702,6114,30702084,61.14
Mozambique,2006,0.088864351,741,21290952,7.41
Myanmar,2006,0.261569926,3021,46605278,30.21
Namibia,2006,1.133563,7261,2118653,72.61
Nepal,2006,0.097507271,1870,27833665,18.7
Netherlands,2006,10.5069568,43525,16377959,435.25
New Zealand,2006,8.963407707,31038,4184903,310.38
Nicaragua,2006,0.809906642,3852,5493527,38.52
Niger,2006,0.0485616,766,13460138,7.66
Nigeria,2006,0.690406057,4007,143338939,40.07
Norway,2006,9.3992488,82984,4668802,829.84
Oman,2006,15.11672991,44964,2490620,449.64
Pakistan,2006,0.914908945,4266,161513324,42.66
Panama,2006,2.142788504,12365,3294583,123.65
Paraguay,2006,0.669262643,6228,6008597,62.28
Peru,2006,1.231161708,7662,27866387,76.62
Philippines,2006,0.757571501,5101,87116275,51.01
Poland,2006,8.727537308,17523,38170330,175.23
Portugal,2006,6.110422287,25299,10577630,252.99
Qatar,2006,62.54680649,144032,978336,1440.32
Romania,2006,4.901663629,15027,21705175,150.27
Sao Tome and Principe,2006,0.52892147,2774,154970,27.74
Saudi Arabia,2006,17.54767214,44827,24799436,448.27
Senegal,2006,0.382612533,2045,11169549,20.45
Serbia,2006,5.86044822,11046,9835841,110.46
Seychelles,2006,8.173189529,18994,84291,189.94
Singapore,2006,6.672722593,50800,4409955,508
Slovenia,2006,8.545804433,25629,2006903,256.29
South Africa,2006,9.028915995,10970,48330914,109.7
Spain,2006,8.055337154,33211,44017887,332.11
Sri Lanka,2006,0.599571228,6753,20062070,67.53
Sudan,2006,0.379765232,3183,31314098,31.83
Sweden,2006,5.900526909,41564,9096264,415.64
Sweden,2006,5.900526909,41564,9090707,415.64
Switzerland,2006,6.06378296,56787,7468350,567.87
Tajikistan,2006,0.376275591,2483,6524634,24.83
Tanzania,2006,0.144678237,1850,39923609,18.5
Thailand,2006,3.77703232,11800,67276383,118
Togo,2006,0.257033139,1203,5529908,12.03
Trinidad and Tobago,2006,32.65997374,27724,1320418,277.24
Tunisia,2006,2.216770408,9527,10017832,95.27
Turkey,2006,4.09435395,16244,69063538,162.44
Turkmenistan,2006,10.26425607,10327,4801847,103.27
Ukraine,2006,7.138363106,10166,46591797,101.66
United Arab Emirates,2006,23.25124966,102560,4662728,1025.6
United Kingdom,2006,9.335955512,36045,60538143,360.45
United States,2006,20.32129072,50490,297827356,504.9
United States,2006,20.32129072,50490,299564470,504.9
Uruguay,2006,1.980186572,13169,3327451,131.69
Uzbekistan,2006,4.451364496,5118,26213729,51.18
Vietnam,2006,1.164985948,3759,84075580,37.59
Zambia,2006,0.180215114,2481,11750105,24.81
Zimbabwe,2006,0.789748428,1467,12529655,14.67
Cambodia,2007,0.252434511,2208,13669857,22.08
Cameroon,2007,0.309965602,2468,18350022,24.68
Canada,2007,17.99338175,42282,32977334,422.82
Chile,2007,4.287428564,18012,16633254,180.12
China,2007,5.132965331,7563,1336800506,75.63
China,2007,5.132965331,7563,1321481935,75.63
Colombia,2007,1.387540282,10592,44352327,105.92
Comoros,2007,0.159895265,1463,678602,14.63
Costa Rica,2007,1.806092585,11517,4452608,115.17
Cote d'Ivoire,2007,0.342481201,2572,18646754,25.72
Croatia,2007,5.743855384,21223,4425995,212.23
Cuba,2007,2.35298789,6054,11268687,60.54
Cyprus,2007,7.965138214,29170,1063027,291.7
Czech Republic,2007,12.3767363,26707,10313525,267.07
Denmark,2007,9.992237102,45508,5469130,455.08
Djibouti,2007,0.570376648,2359,839453,23.59
Dominica,2007,2.168964059,8345,68434,83.45
Dominican Republic,2007,2.183886918,10602,9531954,106.02
Ecuador,2007,2.217034663,8876,13849721,88.76
El Salvador,2007,1.125321904,7596,6100868,75.96
Equatorial Guinea,2007,5.778796542,42173,643936,421.73
Estonia,2007,14.93346167,24542,1342873,245.42
Ethiopia,2007,0.071954632,905,77718436,9.05
Finland,2007,12.60012957,40117,5290431,401.17
France,2007,6.663848062,37068,61744596,370.68
Gabon,2007,2.746009557,16160,1423637,161.6
Georgia,2007,1.44965849,8146,4415956,81.46
Germany,2007,10.47515951,41587,82516297,415.87
Ghana,2007,0.42375381,2546,22712403,25.46
Greece,2007,10.06797907,29874,11255717,298.74
Guatemala,2007,0.903026895,6492,13358842,64.92
Guinea-Bissau,2007,0.159639492,1270,1424191,12.7
Haiti,2007,0.247047516,1641,9608453,16.41
Honduras,2007,1.115514495,4373,7158819,43.73
Hungary,2007,5.838284934,21422,10042572,214.22
Iceland,2007,11.44805836,40486,305721,404.86
India,2007,1.17849928,3740,1179681239,37.4
India,2007,1.17849928,3740,1173971629,37.4
Indonesia,2007,1.618627471,7290,232461746,72.9
Iraq,2007,2.165932309,10056,28960581,100.56
Ireland,2007,10.82813909,54749,4291258,547.49
Israel,2007,9.071611154,27265,6920182,272.65
Italy,2007,8.100879169,37341,59495243,373.41
Jamaica,2007,3.465022268,7689,2709042,76.89
Japan,2007,10.11672257,35805,126515486,358.05
Jordan,2007,3.461380148,11484,5667443,114.84
Kazakhstan,2007,13.4594798,18572,15476093,185.72
Kenya,2007,0.250497532,2553,37485246,25.53
Kuwait,2007,29.90911516,95421,2447818,954.21
Latvia,2007,3.93677263,20410,2281693,204.1
Lebanon,2007,3.365454268,12888,4134872,128.88
Lesotho,2007,1.046177471,1921,2106128,19.21
Libya,2007,8.264112779,27953,6023053,279.53
Lithuania,2007,4.835223667,20131,3379043,201.31
Luxembourg,2007,23.737755,57471,475714,574.71
Malaysia,2007,6.852580292,17718,27051142,177.18
Malta,2007,6.716754029,23085,412608,230.85
Mauritius,2007,2.987236519,14459,1275650,144.59
Mexico,2007,4.312779146,15181,109220753,151.81
Moldova,2007,1.205855378,4041,3671540,40.41
Mongolia,2007,4.660602623,7497,2624509,74.97
Montenegro,2007,3.631564334,14265,627962,142.65
Morocco,2007,1.608615007,6259,31011199,62.59
Mozambique,2007,0.098571306,779,21811326,7.79
Myanmar,2007,0.260212542,3344,46915826,33.44
Namibia,2007,1.13447713,7553,2158984,75.53
Nepal,2007,0.098349947,1916,28373838,19.16
Netherlands,2007,10.45616253,45037,16443483,450.37
New Zealand,2007,8.655974287,31982,4232461,319.82
Nicaragua,2007,0.824039799,4004,5563654,40.04
Niger,2007,0.048874296,762,13945662,7.62
Nigeria,2007,0.645116274,4192,146951477,41.92
Norway,2007,9.715108118,84535,4722016,845.35
Oman,2007,16.19796413,46233,2561187,462.33
Pakistan,2007,0.972003213,4326,164445596,43.26
Panama,2007,2.05282177,13642,3350673,136.42
Paraguay,2007,0.684319712,6466,6119295,64.66
Peru,2007,1.498662283,8225,28166078,82.25
Philippines,2007,0.792488625,5334,88652631,53.34
Poland,2007,8.723436302,18766,38189762,187.66
Portugal,2007,5.857895187,25879,10608036,258.79
Qatar,2007,52.87296833,142477,1178192,1424.77
Romania,2007,5.160635105,16369,21644886,163.69
Russia,2007,11.51049463,21931,143150142,219.31
Sao Tome and Principe,2007,0.51668598,2801,157361,28.01
Saudi Arabia,2007,15.30565652,44493,25504176,444.93
Senegal,2007,0.406503714,2089,11474661,20.89
Serbia,2007,5.712601997,11753,9832994,117.53
Seychelles,2007,7.102269581,20752,84975,207.52
Singapore,2007,4.207091009,54183,4584894,541.83
Slovenia,2007,8.571952309,27361,2012345,273.61
South Africa,2007,9.300485429,11409,48842462,114.09
Spain,2007,8.10976681,33801,44604384,338.01
Sri Lanka,2007,0.613368315,7156,20272269,71.56
Sudan,2007,0.437194041,3480,32113409,34.8
Sweden,2007,5.763950348,42872,9163243,428.72
Sweden,2007,5.763950348,42872,9161374,428.72
Switzerland,2007,5.735155333,58612,7521613,586.12
Tajikistan,2007,0.448003494,2612,6604426,26.12
Tanzania,2007,0.136206664,1949,41068185,19.49
Thailand,2007,3.764087851,12376,67796451,123.76
Togo,2007,0.252902223,1192,5652811,11.92
Trinidad and Tobago,2007,34.63727703,29083,1325672,290.83
Tunisia,2007,2.299878578,10023,10130368,100.23
Turkey,2007,4.495326451,16771,69992754,167.71
Turkmenistan,2007,11.47609017,11337,4858843,113.37
Ukraine,2007,7.256467911,11067,46282158,110.67
United Arab Emirates,2007,22.06080646,91056,5405541,910.56
United Kingdom,2007,9.107304032,36679,60896101,366.79
United States,2007,20.39614762,50902,300595175,509.02
United States,2007,20.39614762,50902,302284564,509.02
Uruguay,2007,1.780530598,13930,3335528,139.3
Uzbekistan,2007,4.375481064,5549,26503833,55.49
Vietnam,2007,1.171006194,3978,85007447,39.78
Zambia,2007,0.146755526,2616,12055384,26.16
Zimbabwe,2007,0.737740533,1431,12481245,14.31
Bulgaria,2008,7.186473214,14945,7591322,149.45
Cambodia,2008,0.274124415,2315,13822644,23.15
Cameroon,2008,0.286998292,2468,18758778,24.68
Canada,2008,17.20741351,42253,33327954,422.53
Chile,2008,4.25032552,18440,16795593,184.4
China,2008,5.48579766,7930,1344415227,79.3
China,2008,5.48579766,7930,1328275524,79.3
Colombia,2008,1.49719834,10839,45005782,108.39
Costa Rica,2008,1.785855255,11883,4522124,118.83
Cote d'Ivoire,2008,0.338062403,2581,18987007,25.81
Croatia,2008,5.464834116,21673,4418387,216.73
Cuba,2008,2.674332851,6336,11266905,63.36
Cyprus,2008,7.983070519,29546,1077001,295.46
Czech Republic,2008,11.79358186,27204,10377359,272.04
Denmark,2008,9.314752189,45010,5497312,450.1
Dominican Republic,2008,2.103354352,10792,9664948,107.92
Ecuador,2008,2.306617093,9295,14056740,92.95
El Salvador,2008,1.048826994,7661,6129628,76.61
Estonia,2008,13.34066609,23275,1342145,232.75
Ethiopia,2008,0.076517077,965,79446419,9.65
Finland,2008,11.0168976,40219,5316334,402.19
France,2008,6.526450329,36928,62098413,369.28
Gabon,2008,2.697011145,15293,1450310,152.93
Georgia,2008,1.177367471,8344,4394018,83.44
Germany,2008,10.53138199,42117,82475271,421.17
Ghana,2008,0.383107366,2720,23264176,27.2
Greece,2008,9.729944213,29695,11291807,296.95
Guatemala,2008,0.797345551,6564,13690846,65.64
Haiti,2008,0.243767884,1630,9736332,16.3
Honduras,2008,1.077742825,4463,7302742,44.63
Hungary,2008,5.748875155,21650,10021886,216.5
Iceland,2008,12.20696421,40344,310666,403.44
India,2008,1.2930669,3928,1197146906,39.28
India,2008,1.2930669,3928,1190863679,39.28
Indonesia,2008,1.769111318,7739,234951154,77.39
Iraq,2008,3.16601042,10608,29821136,106.08
Ireland,2008,10.53550903,51298,4352866,512.98
Israel,2008,9.57818077,27585,7092324,275.85
Italy,2008,7.86627393,36705,59891479,367.05
Jamaica,2008,3.63368872,7566,2720282,75.66
Japan,2008,9.562353891,35431,126544640,354.31
Jordan,2008,3.192370367,11801,5848952,118.01
Kazakhstan,2008,13.33529494,18966,15655345,189.66
Kenya,2008,0.253182959,2484,38455418,24.84
Kuwait,2008,31.02854978,91763,2548351,917.63
Latvia,2008,3.784150025,19882,2271198,198.82
Lebanon,2008,4.238837051,13794,4166915,137.94
Libya,2008,9.142699719,31457,6149620,314.57
Lithuania,2008,4.691009399,20874,3359799,208.74
Luxembourg,2008,22.94814492,55731,486781,557.31
Malaysia,2008,7.435351039,18260,27502008,182.6
Malta,2008,6.851618429,23703,413946,237.03
Mauritius,2008,3.039307089,15133,1283849,151.33
Mexico,2008,4.357708351,15182,110627158,151.82
Moldova,2008,1.262423871,4408,3635059,44.08
Mongolia,2008,4.572330679,8055,2667474,80.55
Montenegro,2008,4.423660466,15400,629185,154
Morocco,2008,1.672983719,6555,31321453,65.55
Mozambique,2008,0.095414903,814,22332900,8.14
Myanmar,2008,0.196345975,3434,47250315,34.34
Namibia,2008,1.577709572,7651,2200422,76.51
Nepal,2008,0.127825319,2012,28905358,20.12
Netherlands,2008,10.59339957,45624,16503263,456.24
New Zealand,2008,8.801512494,31591,4277809,315.91
Nicaragua,2008,0.780275383,4067,5635577,40.67
Niger,2008,0.052733696,806,14450007,8.06
Nigeria,2008,0.631425593,4381,150665730,43.81
Norway,2008,9.410851616,83809,4778959,838.09
Oman,2008,15.26295356,48921,2636963,489.21
Pakistan,2008,0.949351473,4350,167442258,43.5
Panama,2008,2.042420268,14587,3406487,145.87
Paraguay,2008,0.723128901,6778,6230242,67.78
Peru,2008,1.408149737,8883,28463338,88.83
Philippines,2008,0.851773046,5453,90173139,54.53
Poland,2008,8.54383104,19560,38218462,195.6
Portugal,2008,5.62551335,25893,10634612,258.93
Qatar,2008,46.25002059,142296,1396060,1422.96
Romania,2008,5.060514503,17979,21589544,179.79
Russia,2008,11.73998487,23091,143083187,230.91
Saudi Arabia,2008,16.66629055,46109,26166639,461.09
Senegal,2008,0.388319424,2110,11787123,21.1
Serbia,2008,5.691460375,12440,9841360,124.4
Singapore,2008,7.442639611,53936,4772216,539.36
Slovenia,2008,8.988416775,28111,2018172,281.11
South Africa,2008,9.8017514,11619,49319363,116.19
Spain,2008,7.315351487,33643,45146258,336.43
Sri Lanka,2008,0.601018614,7522,20473799,75.22
Sudan,2008,0.452170042,3676,32941836,36.76
Sweden,2008,5.491360798,42542,9236890,425.42
Sweden,2008,5.491360798,42542,9236872,425.42
Switzerland,2008,5.846982358,59190,7573204,591.9
Tajikistan,2008,0.394722351,2774,6691416,27.74
Tanzania,2008,0.137217207,2000,42267667,20
Thailand,2008,3.750667492,12527,68267982,125.27
Togo,2008,0.247132167,1185,5776837,11.85
Trinidad and Tobago,2008,33.64250339,30106,1331040,301.06
Tunisia,2008,2.338102386,10365,10247325,103.65
Turkey,2008,4.406538255,16693,70923730,166.93
Turkmenistan,2008,11.48064545,12861,4918396,128.61
Ukraine,2008,7.052564482,11377,45991584,113.77
United Arab Emirates,2008,22.3599062,81842,6206623,818.42
United Kingdom,2008,8.777084521,36163,61270318,361.63
United States,2008,19.55597372,50276,303374067,502.76
United States,2008,19.55597372,50276,304989064,502.76
Uruguay,2008,2.44735756,14833,3345967,148.33
Uzbekistan,2008,4.450007532,5990,26811974,59.9
Vietnam,2008,1.306004926,4154,85951912,41.54
Zambia,2008,0.160944252,2742,12379612,27.42
Zimbabwe,2008,0.569302831,1203,12451543,12.03
Bulgaria,2009,6.130225486,14482,7542674,144.82
Cambodia,2009,0.322259074,2323,13977903,23.23
Cameroon,2009,0.339374405,2447,19175028,24.47
Canada,2009,15.99648979,40541,33675448,405.41
Chile,2009,3.916936668,17949,16955737,179.49
China,2009,5.738477093,8548,1352068091,85.48
China,2009,5.738477093,8548,1334908820,85.48
Colombia,2009,1.582070814,10889,45654044,108.89
Costa Rica,2009,1.710963827,11604,4590790,116.04
Cote d'Ivoire,2009,0.276596046,2608,19350026,26.08
Croatia,2009,5.066823422,20097,4410864,200.97
Cuba,2009,2.6244557,6476,11262628,64.76
Cyprus,2009,7.633896497,28253,1090473,282.53
Czech Republic,2009,10.99046315,25740,10439735,257.4
Denmark,2009,8.834517693,42573,5524874,425.73
Dominican Republic,2009,2.028475576,10745,9796852,107.45
Ecuador,2009,2.416619197,9208,14261566,92.08
El Salvador,2009,1.028575109,7392,6160423,73.92
Estonia,2009,10.9363221,19886,1341629,198.86
Ethiopia,2009,0.075314077,1026,81187751,10.26
Finland,2009,10.4476746,36717,5341546,367.17
France,2009,6.172553696,35642,62444770,356.42
Gabon,2009,2.658428698,14924,1477514,149.24
Georgia,2009,1.430821593,7987,4373630,79.87
Germany,2009,9.756778243,39852,82405365,398.52
Ghana,2009,0.313664172,2790,23824402,27.9
Greece,2009,9.117625152,28343,11326596,283.43
Guatemala,2009,0.816382675,6462,14033623,64.62
Haiti,2009,0.227035953,1655,9864241,16.55
Honduras,2009,0.95594074,4267,7449923,42.67
Hungary,2009,5.199452964,20261,10002247,202.61
Iceland,2009,11.80401365,37414,315543,374.14
India,2009,1.416588051,4198,1214270132,41.98
India,2009,1.416588051,4198,1207740408,41.98
Indonesia,2009,1.868890259,8009,237414495,80.09
Iraq,2009,3.461792869,10671,30724614,106.71
Ireland,2009,9.218020402,48462,4412181,484.62
Israel,2009,8.786718359,27464,7260949,274.64
Italy,2009,6.973834186,34535,60248654,345.35
Jamaica,2009,2.765344294,7252,2730774,72.52
Japan,2009,9.024140803,33549,126551705,335.49
Jordan,2009,3.127971935,11938,6025592,119.38
Kazakhstan,2009,12.93528078,18951,15841096,189.51
Kenya,2009,0.297338756,2490,39462188,24.9
Kuwait,2009,30.84668635,80061,2646286,800.61
Latvia,2009,3.487005625,17316,2261380,173.16
Lebanon,2009,5.013083414,15009,4196990,150.09
Libya,2009,9.344080112,30659,6262667,306.59
Lithuania,2009,4.04825748,17980,3341097,179.8
Luxembourg,2009,21.33568533,52324,497637,523.24
Malaysia,2009,7.11615177,17686,27949395,176.86
Malta,2009,6.241638204,22946,415220,229.46
Mauritius,2009,2.980624168,15472,1291609,154.72
Mexico,2009,4.141708641,14262,112033369,142.62
Moldova,2009,1.10826845,4189,3602853,41.89
Mongolia,2009,4.89977435,7839,2711659,78.39
Montenegro,2009,2.929543455,14658,630435,146.58
Morocco,2009,1.643967416,6758,31634524,67.58
Mozambique,2009,0.103720147,847,22858607,8.47
Myanmar,2009,0.203702317,3569,47601374,35.69
Namibia,2009,1.435054094,7570,2242078,75.7
Nepal,2009,0.156727073,2079,29432743,20.79
Netherlands,2009,10.23523003,43680,16559268,436.8
New Zealand,2009,8.050617377,31330,4322628,313.3
Nicaragua,2009,0.78310345,3908,5710230,39.08
Niger,2009,0.060851558,773,14972257,7.73
Nigeria,2009,0.489246449,4628,154488072,46.28
Norway,2009,8.95044386,81416,4834002,814.16
Oman,2009,14.0532159,49847,2712141,498.47
Pakistan,2009,0.929179522,4373,170494367,43.73
Panama,2009,2.352179095,14596,3461901,145.96
Paraguay,2009,0.733889219,6418,6341892,64.18
Peru,2009,1.753166396,8883,28765162,88.83
Philippines,2009,0.821582624,5421,91703090,54.21
Poland,2009,8.196885735,20096,38249228,200.96
Portugal,2009,5.354017356,25098,10657175,250.98
Qatar,2009,43.12154505,139066,1597765,1390.66
Romania,2009,4.229586423,16905,21537219,169.05
Russia,2009,10.98894839,21285,143092765,212.85
Saudi Arabia,2009,17.47255212,44061,26809105,440.61
Senegal,2009,0.334933949,2105,12106865,21.05
Serbia,2009,5.066435359,12094,9851440,120.94
Singapore,2009,11.2550175,52490,4945645,524.9
Slovenia,2009,8.013077423,25685,2024040,256.85
South Africa,2009,9.836548788,11293,49751503,112.93
Spain,2009,6.395724255,32181,45638113,321.81
Sri Lanka,2009,0.644753614,7728,20669142,77.28
Sudan,2009,0.46210193,3714,33537455,37.14
Sweden,2009,5.062903334,40339,9313478,403.39
Sweden,2009,5.062903334,40339,9311110,403.39
Switzerland,2009,5.625844885,57210,7621211,572.1
Tajikistan,2009,0.325806249,2835,6783390,28.35
Tanzania,2009,0.127482921,2052,43524738,20.52
Thailand,2009,3.958476506,12385,68706122,123.85
Togo,2009,0.432959501,1189,5901859,11.89
Trinidad and Tobago,2009,33.87435629,28816,1336349,288.16
Tunisia,2009,2.311536875,10581,10365089,105.81
Turkey,2009,4.440351147,15506,71846212,155.06
Turkmenistan,2009,10.01822062,13494,4979672,134.94
Ukraine,2009,6.026215538,9698,45715010,96.98
United Arab Emirates,2009,21.54665645,69446,6938815,694.46
United Kingdom,2009,7.885589505,34338,61652315,343.38
United States,2009,17.95432657,48453,306076362,484.53
United States,2009,17.95432657,48453,307686729,484.53
Uruguay,2009,2.363340104,15119,3357391,151.19
Uzbekistan,2009,3.783794856,6414,27128063,64.14
Vietnam,2009,1.402797435,4328,86901173,43.28
Zambia,2009,0.178820323,2914,12723746,29.14
Zimbabwe,2009,0.399657417,1289,12473992,12.89
Bulgaria,2010,6.454483415,14747,7494332,147.47
Cambodia,2010,0.343631086,2371,14138255,23.71
Cameroon,2010,0.333593479,2459,19598889,24.59
Canada,2010,16.25640466,41326,34016593,413.26
Chile,2010,4.197510736,18787,17113688,187.87
China,2010,6.251524765,9555,1359755102,95.55
China,2010,6.251524765,9555,1341335152,95.55
Colombia,2010,1.639885468,11189,46294841,111.89
Costa Rica,2010,1.634224939,12014,4658887,120.14
Cote d'Ivoire,2010,0.297231587,2605,19737800,26.05
Croatia,2010,4.90857954,19807,4403330,198.07
Cuba,2010,3.368216937,6697,11257979,66.97
Cyprus,2010,7.206387305,27887,1103647,278.87
Czech Republic,2010,11.15151506,26254,10492960,262.54
Denmark,2010,8.87374597,43178,5550142,431.78
Dominican Republic,2010,2.078648239,11481,9927320,114.81
Ecuador,2010,2.402734654,9392,14464739,93.92
El Salvador,2010,1.02472478,7466,6192993,74.66
Estonia,2010,14.27432578,20382,1341140,203.82
Ethiopia,2010,0.072925194,1097,82949541,10.97
Finland,2010,11.92589508,37643,5364546,376.43
France,2010,6.313200851,36141,62787427,361.41
Gabon,2010,2.915666713,15626,1505463,156.26
Georgia,2010,1.467289591,8404,4352244,84.04
Germany,2010,10.30579311,41576,82302465,415.76
Ghana,2010,0.396160991,2944,24391823,29.44
Greece,2010,8.504537242,26756,11359346,267.56
Guatemala,2010,0.776565616,6513,14388929,65.13
Haiti,2010,0.209351093,1581,9993247,15.81
Honduras,2010,0.95191181,4340,7600524,43.4
Hungary,2010,5.249937233,20444,9983645,204.44
Iceland,2010,11.30382358,36134,320136,361.34
India,2010,1.38103498,4487,1230980691,44.87
India,2010,1.38103498,4487,1224614327,44.87
Indonesia,2010,1.763905028,8425,239870937,84.25
Iraq,2010,3.607789404,11024,31671591,110.24
Ireland,2010,9.008032435,49178,4469900,491.78
Israel,2010,9.19570137,28482,7418400,284.82
Italy,2010,7.113251867,35010,60550848,350.1
Jamaica,2010,2.576875306,7093,2741052,70.93
Japan,2010,9.424778023,34990,126535920,349.9
Jordan,2010,2.870123279,11743,6187227,117.43
Kazakhstan,2010,14.44980926,20071,16026367,200.71
Kenya,2010,0.284060978,2625,40512682,26.25
Kuwait,2010,29.77643537,73610,2736732,736.1
Latvia,2010,4.080970357,17010,2252060,170.1
Lebanon,2010,4.614830867,16153,4227597,161.53
Libya,2010,9.907644239,31419,6355112,314.19
Lithuania,2010,4.38972359,18662,3323611,186.62
Luxembourg,2010,21.96206124,53877,507448,538.77
Malaysia,2010,7.683198759,18710,28401017,187.1
Malta,2010,6.224837927,23642,416515,236.42
Mauritius,2010,3.135651526,15984,1299172,159.84
Mexico,2010,3.972850827,14820,113423047,148.2
Moldova,2010,1.182746425,4533,3572885,45.33
Mongolia,2010,5.094630712,8212,2756001,82.12
Montenegro,2010,4.131856444,15142,631490,151.42
Morocco,2010,1.734051527,6940,31951412,69.4
Mozambique,2010,0.108742445,884,23390765,8.84
Myanmar,2010,0.248079095,3719,47963012,37.19
Namibia,2010,1.424683757,7917,2283289,79.17
Nepal,2010,0.181104262,2149,29959364,21.49
Netherlands,2010,10.92013079,44066,16612988,440.66
New Zealand,2010,8.011487864,31635,4368136,316.35
Nicaragua,2010,0.778878574,3987,5788163,39.87
Niger,2010,0.071179537,809,15511953,8.09
Nigeria,2010,0.569531766,5021,158423182,50.21
Norway,2010,9.378719084,80892,4883111,808.92
Oman,2010,15.37093551,49019,2782435,490.19
Pakistan,2010,0.924979903,4397,173593383,43.97
Panama,2010,2.470185893,15211,3516820,152.11
Paraguay,2010,0.80935657,7162,6454548,71.62
Peru,2010,1.92954894,9533,29076512,95.33
Philippines,2010,0.884838547,5738,93260798,57.38
Poland,2010,8.666524722,20805,38276660,208.05
Portugal,2010,4.964345303,25563,10675572,255.63
Qatar,2010,40.41180053,148056,1758793,1480.56
Romania,2010,4.087565545,16905,21486371,169.05
Russia,2010,11.57887447,22239,143153869,222.39
Saudi Arabia,2010,18.87705329,45040,27448086,450.4
Senegal,2010,0.563637649,2139,12433728,21.39
Serbia,2010,5.060664145,12228,9856222,122.28
Singapore,2010,10.95679442,59263,5086418,592.63
Slovenia,2010,7.995737939,25890,2029680,258.9
South Africa,2010,9.159361572,11535,50132817,115.35
Spain,2010,6.067232352,32042,46076989,320.42
Sri Lanka,2010,0.646107192,8283,20859949,82.83
Sudan,2010,0.463195054,3776,34136520,37.76
Sweden,2010,5.636456637,42753,9390168,427.53
Sweden,2010,5.636456637,42753,9379687,427.53
Switzerland,2010,5.751438891,58267,7664318,582.67
Tajikistan,2010,0.329479814,2966,6878637,29.66
Tanzania,2010,0.148390796,2124,44841226,21.24
Thailand,2010,4.157617456,13259,69122234,132.59
Togo,2010,0.399720312,1203,6027798,12.03
Trinidad and Tobago,2010,36.00055259,29804,1341465,298.04
Tunisia,2010,2.547246901,10746,10480934,107.46
Turkey,2010,4.417835383,16700,72752325,167
Turkmenistan,2010,11.22597472,14563,5041995,145.63
Ukraine,2010,6.409757152,9762,45448329,97.62
United Arab Emirates,2010,19.12352861,65294,7511690,652.94
United Kingdom,2010,8.090977674,34722,62035570,347.22
United States,2010,18.47152059,49267,308641391,492.67
United States,2010,18.47152059,49267,310383948,492.67
Uruguay,2010,1.866015703,16402,3368786,164.02
Uzbekistan,2010,3.620933491,6894,27444702,68.94
Vietnam,2010,1.53847887,4555,87848445,45.55
Zambia,2010,0.185023261,3125,13088570,31.25
Zimbabwe,2010,0.545281707,1404,12571454,14.04
Bulgaria,2011,7.22062662,15112,7446135,151.12
Cambodia,2011,0.350414102,2496,14305183,24.96
Cameroon,2011,0.274388399,2494,20030362,24.94
Canada,2011,16.23619786,42197,34349561,421.97
Chile,2011,4.552099113,19705,17269525,197.05
China,2011,6.865327041,10221,1367480264,102.21
China,2011,6.865327041,10221,1347565324,102.21
Colombia,2011,1.632160543,11788,46927125,117.88
Costa Rica,2011,1.648620786,12366,4726575,123.66
Cote d'Ivoire,2011,0.303706798,2444,20152894,24.44
Croatia,2011,4.82260244,19813,4395560,198.13
Cuba,2011,3.150413751,6928,11253665,69.28
Cyprus,2011,6.845621918,27272,1116564,272.72
Czech Republic,2011,10.88337627,26725,10534293,267.25
Denmark,2011,7.937766625,43575,5572594,435.75
Dominican Republic,2011,2.072450498,11679,10056181,116.79
Ecuador,2011,2.501981468,9985,14666055,99.85
El Salvador,2011,1.049723192,7607,6227491,76.07
Estonia,2011,14.37555927,21997,1340537,219.97
Ethiopia,2011,0.08305635,1199,84734262,11.99
Finland,2011,10.49203986,38432,5384770,384.32
France,2011,5.885247303,36691,63125894,366.91
Gabon,2011,2.912009656,16403,1534262,164.03
Georgia,2011,1.866444874,8946,4329026,89.46
Germany,2011,10.0180706,43189,82162512,431.89
Ghana,2011,0.379492431,3283,24965816,32.83
Greece,2011,8.275699644,24349,11390031,243.49
Guatemala,2011,0.770659812,6650,14757316,66.5
Haiti,2011,0.215306294,1648,10123787,16.48
Honduras,2011,1.050516632,4421,7754687,44.21
Hungary,2011,5.087589737,20886,9966116,208.86
Iceland,2011,10.77987793,36740,324366,367.4
India,2011,1.456958873,4768,1247236029,47.68
India,2011,1.456958873,4768,1241491960,47.68
Indonesia,2011,2.447322076,8849,242325638,88.49
Iraq,2011,4.186650251,11484,32664942,114.84
Ireland,2011,8.151991351,48980,4525802,489.8
Israel,2011,9.062859759,29370,7562194,293.7
Italy,2011,6.918206103,35151,60788694,351.51
Jamaica,2011,2.755831253,7141,2751273,71.41
Japan,2011,9.815919018,34979,126497241,349.79
Jordan,2011,2.804479169,11615,6330169,116.15
Kazakhstan,2011,13.64056204,21302,16206750,213.02
Kenya,2011,0.304283902,2712,41609728,27.12
Kuwait,2011,28.40133735,77126,2818042,771.26
Latvia,2011,3.767123517,18428,2243142,184.28
Lebanon,2011,4.416412982,16230,4259405,162.3
Libya,2011,6.339647708,12893,6422772,128.93
Lithuania,2011,4.567266891,20243,3307481,202.43
Luxembourg,2011,21.25312259,54031,515941,540.31
Malaysia,2011,7.601825575,19390,28859154,193.9
Malta,2011,6.346745561,23871,417855,238.71
Mauritius,2011,3.130890479,16483,1306593,164.83
Mexico,2011,4.085172062,15210,114793341,152.1
Moldova,2011,1.21727899,4892,3544864,48.92
Mongolia,2011,7.758959209,9484,2800114,94.84
Montenegro,2011,4.106480608,15747,632261,157.47
Morocco,2011,1.755918792,7226,32272974,72.26
Mozambique,2011,0.124598023,925,23929708,9.25
Myanmar,2011,0.281318097,3884,48336763,38.84
Namibia,2011,1.247874072,8203,2324004,82.03
Nepal,2011,0.193084904,2189,30485798,21.89
Netherlands,2011,10.10447988,44591,16664746,445.91
New Zealand,2011,7.769574535,32057,4414509,320.57
Nicaragua,2011,0.826756086,4189,5869859,41.89
Niger,2011,0.077226893,799,16068994,7.99
Nigeria,2011,0.578506282,5136,162470737,51.36
Norway,2011,9.091802557,80623,4924848,806.23
Oman,2011,16.45310466,44454,2846145,444.54
Pakistan,2011,0.909048641,4464,176745364,44.64
Panama,2011,2.670287824,16762,3571185,167.62
Paraguay,2011,0.833819499,7377,6568290,73.77
Peru,2011,1.636132406,10044,29399817,100.44
Philippines,2011,0.876749014,5851,94852030,58.51
Poland,2011,8.655700483,21837,38298949,218.37
Portugal,2011,4.865900676,25133,10689663,251.33
Qatar,2011,40.8019313,155533,1870041,1555.33
Romania,2011,4.402669048,17174,21436495,171.74
Russia,2011,11.95293244,23130,143263988,231.3
Saudi Arabia,2011,17.62372185,48470,28082541,484.7
Senegal,2011,0.587886643,2123,12767556,21.23
Serbia,2011,5.443458154,12463,9853969,124.63
Singapore,2011,8.729578748,61672,5187933,616.72
Slovenia,2011,7.95767309,26004,2035012,260.04
South Africa,2011,8.97236304,11838,50459978,118.38
Spain,2011,6.066936239,31600,46454895,316
Sri Lanka,2011,0.732788083,8918,21045394,89.18
Sudan,2011,0.444881289,3669,34735288,36.69
Sweden,2011,5.173306056,42079,9465892,420.79
Sweden,2011,5.173306056,42079,9440747,420.79
Switzerland,2011,5.167404005,58686,7701690,586.86
Tajikistan,2011,0.296833374,3111,6976958,31.11
Tanzania,2011,0.164113316,2227,46218486,22.27
Thailand,2011,4.084635496,13318,69518555,133.18
Togo,2011,0.375427179,1227,6154813,12.27
Trinidad and Tobago,2011,35.06696014,29745,1346350,297.45
Tunisia,2011,2.37182646,10437,10594057,104.37
Turkey,2011,4.696200171,17919,73639596,179.19
Turkmenistan,2011,12.01807729,16518,5105301,165.18
Ukraine,2011,6.737517454,10333,45190180,103.33
United Arab Emirates,2011,18.76106458,65307,7890924,653.07
United Kingdom,2011,7.362444853,34971,62417431,349.71
United States,2011,17.90928137,49675,311051373,496.75
United States,2011,17.90928137,49675,313085380,496.75
Uruguay,2011,2.260679417,17211,3380008,172.11
Uzbekistan,2011,3.888967004,7396,27760267,73.96
Vietnam,2011,1.6217942,4786,88791996,47.86
Zambia,2011,0.195768752,3205,13474959,32.05
Zimbabwe,2011,0.656153562,1515,12754378,15.15
Bulgaria,2012,6.60286764,15204,7397873,152.04
Cambodia,2012,0.360937264,2634,14478320,26.34
Cameroon,2012,0.283412972,2541,20468943,25.41
Canada,2012,16.15082562,42445,34674708,424.45
Chile,2012,4.604567268,20531,17423214,205.31
China,2012,7.00546028,10680,1375198619,106.8
China,2012,7.00546028,10680,1353600687,106.8
Colombia,2012,1.692572343,12123,47550708,121.23
Costa Rica,2012,1.634463867,12792,4793725,127.92
Cote d'Ivoire,2012,0.389517841,2636,20594615,26.36
Croatia,2012,4.478728403,19441,4387376,194.41
Cuba,2012,3.15642303,7138,11249266,71.38
Cyprus,2012,6.316770925,26011,1129166,260.11
Czech Republic,2012,10.47668339,26474,10565678,264.74
Denmark,2012,7.108051117,43510,5592738,435.1
Dominican Republic,2012,2.13209281,11848,10183339,118.48
Ecuador,2012,2.429399327,10398,14864987,103.98
El Salvador,2012,1.045730153,7726,6264129,77.26
Estonia,2012,13.53883215,23026,1339762,230.26
Ethiopia,2012,0.08815631,1287,86538534,12.87
Finland,2012,9.44246799,37704,5402627,377.04
France,2012,5.878588439,36571,63457777,365.71
Gabon,2012,2.890035872,16932,1563873,169.32
Georgia,2012,2.007782492,9491,4304363,94.91
Germany,2012,10.0559435,43320,81990837,433.2
Ghana,2012,0.447664794,3508,25545939,35.08
Greece,2012,8.034429274,22693,11418878,226.93
Guatemala,2012,0.762655753,6714,15137569,67.14
Haiti,2012,0.221483575,1674,10255644,16.74
Honduras,2012,1.033092685,4518,7912032,45.18
Hungary,2012,4.742653863,20631,9949589,206.31
Iceland,2012,10.71707434,36990,328290,369.9
India,2012,1.570590171,4932,1263065852,49.32
India,2012,1.570590171,4932,1258350971,49.32
Indonesia,2012,2.54394411,9285,244769110,92.85
Iraq,2012,4.60977381,12652,33703068,126.52
Ireland,2012,8.164557169,48333,4579498,483.33
Israel,2012,9.713398203,29517,7694670,295.17
Italy,2012,6.562283687,34068,60964145,340.68
Jamaica,2012,2.611126353,7053,2761331,70.53
Japan,2012,10.13874942,35580,126434653,355.8
Jordan,2012,2.979402204,11523,6457260,115.23
Kazakhstan,2012,13.82059719,22089,16381297,220.89
Kenya,2012,0.274182827,2765,42749418,27.65
Kuwait,2012,30.00696335,78801,2891553,788.01
Latvia,2012,3.670127005,19405,2234572,194.05
Lebanon,2012,4.549836122,16315,4291719,163.15
Libya,2012,8.455398928,29766,6469497,297.66
Lithuania,2012,4.653475408,21303,3292454,213.03
Luxembourg,2012,20.26360773,52562,523362,525.62
Malaysia,2012,7.401160207,20134,29321798,201.34
Malta,2012,6.679167112,24301,419212,243.01
Mauritius,2012,3.163028345,16893,1313803,168.93
Mexico,2012,4.127000819,15639,116146768,156.39
Moldova,2012,1.16986474,4905,3519266,49.05
Mongolia,2012,9.306178679,10493,2844081,104.93
Montenegro,2012,3.726085832,15421,632796,154.21
Morocco,2012,1.874473856,7365,32598536,73.65
Mozambique,2012,0.116089083,967,24475186,9.67
Myanmar,2012,0.214767262,4124,48724387,41.24
Namibia,2012,1.485962047,8483,2364433,84.83
Nepal,2012,0.199700989,2258,31011137,22.58
Netherlands,2012,9.824754911,43957,16714228,439.57
New Zealand,2012,8.050880004,32674,4461257,326.74
Nicaragua,2012,0.773992877,4376,5954898,43.76
Niger,2012,0.104696987,864,16644339,8.64
Nigeria,2012,0.577216881,5223,166629383,52.23
Norway,2012,8.890813532,81759,4960482,817.59
Oman,2012,16.8395268,44008,2904037,440.08
Pakistan,2012,0.897792255,4569,179951140,45.69
Panama,2012,2.611192689,18051,3624991,180.51
Paraguay,2012,0.814125373,7193,6682943,71.93
Peru,2012,1.788443057,10533,29733829,105.33
Philippines,2012,0.918036738,6144,96471461,61.44
Poland,2012,8.461340998,22188,38317090,221.88
Portugal,2012,4.713545942,24218,10699333,242.18
Qatar,2012,44.1888674,153922,1938754,1539.22
Romania,2012,4.279402813,17174,21387517,171.74
Russia,2012,12.03522741,23931,143420597,239.31
Saudi Arabia,2012,19.36232487,49867,28705133,498.67
Senegal,2012,0.537297772,2163,13107945,21.63
Serbia,2012,4.881607023,12384,9846582,123.84
Singapore,2012,6.894992523,62783,5256278,627.83
Slovenia,2012,7.668817583,25252,2040057,252.52
South Africa,2012,8.813139537,11992,50738255,119.92
Spain,2012,5.960024668,30699,46771596,306.99
Sri Lanka,2012,0.772391358,9678,21223550,96.78
Sweden,2012,4.863643077,41650,9540907,416.5
Sweden,2012,4.863643077,41650,9495392,416.5
Switzerland,2012,5.260537425,58674,7733709,586.74
Tajikistan,2012,0.363510908,3285,7078755,32.85
Tanzania,2012,0.188213486,2275,47656367,22.75
Thailand,2012,4.328526052,14227,69892142,142.27
Togo,2012,0.334219552,1263,6283092,12.63
Trinidad and Tobago,2012,33.77375766,30157,1350999,301.57
Tunisia,2012,2.41638732,10739,10704948,107.39
Turkey,2012,4.749033074,18170,74508771,181.7
Turkmenistan,2012,12.25035618,18135,5169660,181.35
Ukraine,2012,6.697012905,10383,44940268,103.83
United Arab Emirates,2012,19.54099853,68255,8105873,682.55
United Kingdom,2012,7.590167302,35185,62798099,351.85
United States,2012,17.12774837,50394,313335423,503.94
United States,2012,17.12774837,50394,315791284,503.94
Uruguay,2012,2.529775417,17876,3391428,178.76
Uzbekistan,2012,3.897046389,7928,28077486,79.28
Vietnam,2012,1.496655694,4984,89730274,49.84
Zambia,2012,0.236780739,3350,13883577,33.5
Zimbabwe,2012,0.517618809,1604,13013678,16.04
Bulgaria,2013,5.860883063,15420,7349462,154.2
Cambodia,2013,0.364501019,2782,14656016,27.82
Cameroon,2013,0.305462697,2612,20913595,26.12
Canada,2013,16.13627594,42994,34993747,429.94
Chile,2013,4.677091813,21135,17574464,211.35
China,2013,7.084593036,11328,1382793212,113.28
China,2013,7.084593036,11328,1359368470,113.28
Colombia,2013,1.879899621,12568,48165221,125.68
Costa Rica,2013,1.578961094,12916,4859957,129.16
Cote d'Ivoire,2013,0.433849069,2823,21057316,28.23
Croatia,2013,4.345259703,19298,4378806,192.98
Cuba,2013,3.030886974,7379,11244424,73.79
Cyprus,2013,5.677840416,24519,1141453,245.19
Czech Republic,2013,10.04307729,26338,10589806,263.38
Denmark,2013,7.418661147,43733,5611187,437.33
Dominican Republic,2013,2.038439056,12251,10308609,122.51
Ecuador,2013,2.57012993,10760,15061398,107.6
El Salvador,2013,0.974855195,7845,6302723,78.45
Estonia,2013,14.90329382,23436,1338832,234.36
Ethiopia,2013,0.106232779,1365,88356373,13.65
Finland,2013,9.546668238,37246,5418763,372.46
France,2013,5.855117145,36632,63782963,366.32
Gabon,2013,2.893191054,17532,1594205,175.32
Georgia,2013,1.894340841,9829,4278410,98.29
Germany,2013,10.24600469,43413,81804228,434.13
Ghana,2013,0.542055111,3683,26131336,36.83
Greece,2013,7.21848018,22118,11445691,221.18
Guatemala,2013,0.852562194,6829,15527502,68.29
Haiti,2013,0.227238283,1722,10388424,17.22
Honduras,2013,1.024627145,4561,8071522,45.61
Hungary,2013,4.447170002,21126,9933795,211.26
Iceland,2013,10.64670693,38258,331996,382.58
India,2013,1.562597867,5172,1278562207,51.72
India,2013,1.562597867,5172,1275137828,51.72
Indonesia,2013,1.928840482,9703,247188189,97.03
Iraq,2013,4.827485754,13158,34776205,131.58
Ireland,2013,7.941714967,48743,4631391,487.43
Israel,2013,8.438330609,30257,7818860,302.57
Italy,2013,6.090365056,33094,61087395,330.94
Jamaica,2013,2.818577849,7017,2771179,70.17
Japan,2013,10.24113216,36354,126345235,363.54
Jordan,2013,2.821582524,11488,6572903,114.88
Kazakhstan,2013,13.93811412,23131,16550975,231.31
Kenya,2013,0.284884491,2854,43923719,28.54
Kuwait,2013,27.18293678,75256,2959015,752.56
Latvia,2013,3.637618067,20129,2226260,201.29
Lebanon,2013,4.206961882,15055,4324060,150.55
Libya,2013,9.038496098,13326,6506095,133.26
Lithuania,2013,4.372655527,22274,3278337,222.74
Luxembourg,2013,18.7863851,53411,530018,534.11
Malaysia,2013,7.871231168,20760,29787203,207.6
Malta,2013,5.845142967,25162,420557,251.62
Mauritius,2013,3.239920656,17311,1320785,173.11
Mexico,2013,4.019715457,15680,117478371,156.8
Moldova,2013,1.203192956,5421,3495657,54.21
Mongolia,2013,13.48480276,11545,2887863,115.45
Montenegro,2013,3.581651236,16064,633167,160.64
Morocco,2013,1.739270865,7619,32925553,76.19
Mozambique,2013,0.146543149,1011,25028313,10.11
Myanmar,2013,0.247239379,4424,49119646,44.24
Namibia,2013,1.122871976,8793,2404477,87.93
Nepal,2013,0.224572964,2316,31535507,23.16
Netherlands,2013,9.783861145,43744,16761552,437.44
New Zealand,2013,7.795075731,32989,4508166,329.89
Nicaragua,2013,0.752809026,4527,6041763,45.27
Niger,2013,0.105015121,880,17239826,8.8
Nigeria,2013,0.557962542,5370,170901148,53.7
Norway,2013,8.72597451,81583,4991997,815.83
Oman,2013,16.3431334,41680,2957333,416.8
Pakistan,2013,0.883789575,4703,183188847,47.03
Panama,2013,2.722453076,18979,3678264,189.79
Paraguay,2013,0.823929208,8102,6798236,81.02
Peru,2013,1.831596767,11034,30075185,110.34
Philippines,2013,0.971993643,6472,98112780,64.72
Poland,2013,8.350713737,22510,38331803,225.1
Portugal,2013,4.567195275,24076,10704534,240.76
Qatar,2013,37.39325572,154159,1976840,1541.59
Romania,2013,3.828404857,17979,21338815,179.79
Russia,2013,11.60181554,24224,143597230,242.24
Saudi Arabia,2013,18.06026701,50005,29319402,500.05
Senegal,2013,0.555932204,2185,13454191,21.85
Serbia,2013,4.993806539,12764,9835010,127.64
Singapore,2013,10.3772064,64633,5300914,646.33
Slovenia,2013,7.340853523,24944,2044766,249.44
South Africa,2013,8.64127876,12171,50981076,121.71
Spain,2013,5.411048213,30280,47042602,302.8
Sri Lanka,2013,0.7430762,9928,21393876,99.28
Sweden,2013,4.656042346,41811,9615247,418.11
Sweden,2013,4.656042346,41811,9545823,418.11
Switzerland,2013,5.309927563,59036,7761820,590.36
Tajikistan,2013,0.42029099,3471,7183529,34.71
Tanzania,2013,0.2154965,2372,49153002,23.72
Thailand,2013,4.357053716,14562,70243267,145.62
Togo,2013,0.31749773,1292,6412560,12.92
Trinidad and Tobago,2013,34.42655207,30987,1355342,309.87
Tunisia,2013,2.439090231,10898,10813680,108.98
Turkey,2013,4.575711419,18788,75359032,187.88
Turkmenistan,2013,12.36874697,19751,5234640,197.51
Ukraine,2013,6.562538172,10404,44696741,104.04
United Arab Emirates,2013,18.67711334,70791,8207940,707.91
United Kingdom,2013,7.39053787,35618,63177406,356.18
United States,2013,17.49277652,50863,315536676,508.63
United States,2013,17.49277652,50863,318497630,508.63
Uruguay,2013,2.197720866,18589,3403117,185.89
Uzbekistan,2013,3.419579153,8482,28398155,84.82
Vietnam,2013,1.534889264,5200,90656550,52
Zambia,2013,0.247877823,3419,14314515,34.19
Zimbabwe,2013,0.766298096,1604,13327925,16.04
China,2014,7.06444652,11944,1390110388,119.44
India,2014,1.706162256,5458,1293859294,54.58
Russia,2014,11.596374,24387,143761378,243.87
Sweden,2014,4.461144423,42476,9689376,424.76
United States,2014,17.52732173,51664,317718779,516.64
China,2015,6.9550961,12244,1397028553,122.44
India,2015,1.738971219,5794,1309053980,57.94
Russia,2015,11.6194195,23691,143888004,236.91
Sweden,2015,4.44361839,43746,9763565,437.46
United States,2015,16.94376372,52591,319929162,525.91
China,2016,6.914483012,12569,1403500365,125.69
India,2016,1.79542312,6125,1324171354,61.25
Sweden,2016,4.327102935,44659,9837533,446.59
United States,2016,16.48416388,53015,322179605,530.15
